size_kb,width,height,444,h_100_cents_psnr_db,h_112_cents_psnr_db,h_125_cents_psnr_db,h_137_cents_psnr_db,h_150_cents_psnr_db,h_162_cents_psnr_db,h_175_cents_psnr_db,h_187_cents_psnr_db,h_200_cents_psnr_db,h_212_cents_psnr_db,h_225_cents_psnr_db,h_237_cents_psnr_db,h_250_cents_psnr_db,h_262_cents_psnr_db,h_275_cents_psnr_db,h_287_cents_psnr_db
50,2560,1440,0,24.8681,24.7254,24.6557,24.6434,24.6680,24.7234,24.8040,24.8991,25.0115,25.1306,25.2646,25.4053,25.5482,25.6926,25.8398,25.9997
50,1280,720,0,28.7092,28.2039,27.8256,27.5475,27.3504,27.2194,27.1450,27.1157,27.1276,27.1725,27.2458,27.3437,27.4597,27.6001,27.7513,27.9179
50,1376,774,0,28.0163,27.5485,27.2043,26.9576,26.7900,26.6873,26.6365,26.6325,26.6645,26.7279,26.8174,26.9304,27.0629,27.2110,27.3704,27.5361
50,1472,828,0,27.4384,27.0040,26.6905,26.4724,26.3304,26.2507,26.2232,26.2371,26.2867,26.3637,26.4689,26.5921,26.7343,26.8857,27.0489,27.2309
50,1568,882,0,27.0783,26.6756,26.3915,26.2001,26.0830,26.0254,26.0171,26.0484,26.1107,26.2044,26.3175,26.4501,26.5919,26.7521,26.9252,27.1017
50,1664,936,0,26.5501,26.1776,25.9205,25.7544,25.6597,25.6224,25.6311,25.6771,25.7568,25.8596,25.9834,26.1179,26.2754,26.4431,26.6147,26.7924
50,1760,990,0,26.3831,26.0378,25.8047,25.6593,25.5840,25.5630,25.5851,25.6437,25.7300,25.8400,25.9620,26.1091,26.2662,26.4275,26.5981,26.7748
50,1856,1044,0,25.9527,25.6293,25.4163,25.2873,25.2248,25.2152,25.2459,25.3118,25.4043,25.5122,25.6460,25.7923,25.9443,26.1078,26.2769,26.4468
50,1952,1098,0,25.7613,25.4609,25.2677,25.1564,25.1079,25.1069,25.1508,25.2231,25.3157,25.4334,25.5683,25.7101,25.8643,26.0250,26.1870,26.3542
50,2048,1152,0,25.6075,25.3362,25.1680,25.0787,25.0494,25.0685,25.1240,25.2063,25.3118,25.4412,25.5787,25.7287,25.8871,26.0473,26.2139,26.3875
50,2144,1206,0,25.3696,25.1172,24.9665,24.8904,24.8707,24.8985,24.9601,25.0431,25.1587,25.2847,25.4229,25.5727,25.7255,25.8850,26.0526,26.2195
50,2240,1260,0,25.2915,25.0580,24.9207,24.8552,24.8459,24.8782,24.9387,25.0314,25.1428,25.2655,25.4044,25.5477,25.6975,25.8579,26.0185,26.1784
50,2336,1314,0,25.1424,24.9265,24.8029,24.7473,24.7461,24.7837,24.8496,24.9458,25.0541,25.1810,25.3156,25.4555,25.6095,25.7646,25.9197,26.0742
50,2432,1368,0,25.0748,24.8787,24.7706,24.7285,24.7358,24.7755,24.8533,24.9493,25.0623,25.1894,25.3222,25.4699,25.6218,25.7749,25.9281,26.0809
50,2528,1422,0,24.9365,24.7592,24.6639,24.6347,24.6496,24.6980,24.7787,24.8743,24.9910,25.1151,25.2516,25.3976,25.5457,25.6949,25.8443,26.0064
50,1280,720,1,28.6030,28.0940,27.7116,27.4292,27.2276,27.0918,27.0124,26.9779,26.9843,27.0237,27.0911,27.1830,27.2929,27.4269,27.5717,27.7316
50,1376,774,1,27.9450,27.4744,27.1272,26.8774,26.7064,26.6003,26.5458,26.5380,26.5661,26.6254,26.7108,26.8195,26.9477,27.0913,27.2462,27.4073
50,1472,828,1,27.3794,26.9424,26.6262,26.4052,26.2600,26.1772,26.1464,26.1569,26.2029,26.2763,26.3778,26.4972,26.6355,26.7831,26.9423,27.1204
50,1568,882,1,27.0244,26.6192,26.3326,26.1385,26.0186,25.9581,25.9468,25.9751,26.0344,26.1250,26.2349,26.3643,26.5030,26.6602,26.8301,27.0035
50,1664,936,1,26.5076,26.1330,25.8736,25.7051,25.6080,25.5682,25.5743,25.6177,25.6947,25.7947,25.9159,26.0477,26.2024,26.3674,26.5363,26.7115
50,1760,990,1,26.3473,26.0001,25.7651,25.6178,25.5404,25.5174,25.5374,25.5939,25.6781,25.7860,25.9059,26.0510,26.2060,26.3653,26.5340,26.7088
50,1856,1044,1,25.9230,25.5980,25.3834,25.2527,25.1886,25.1773,25.2063,25.2704,25.3612,25.4675,25.5995,25.7442,25.8946,26.0565,26.2242,26.3926
50,1952,1098,1,25.7373,25.4356,25.2410,25.1283,25.0783,25.0759,25.1184,25.1892,25.2805,25.3967,25.5302,25.6707,25.8236,25.9829,26.1438,26.3097
50,2048,1152,1,25.5872,25.3147,25.1453,25.0547,25.0242,25.0420,25.0963,25.1774,25.2817,25.4098,25.5462,25.6951,25.8524,26.0116,26.1772,26.3498
50,2144,1206,1,25.3537,25.1004,24.9487,24.8717,24.8509,24.8777,24.9383,25.0203,25.1350,25.2601,25.3973,25.5462,25.6981,25.8568,26.0237,26.1898
50,2240,1260,1,25.2775,25.0432,24.9050,24.8386,24.8284,24.8597,24.9193,25.0112,25.1217,25.2436,25.3817,25.5243,25.6733,25.8330,25.9929,26.1521
50,2336,1314,1,25.1290,24.9122,24.7878,24.7313,24.7294,24.7661,24.8312,24.9268,25.0344,25.1606,25.2946,25.4339,25.5874,25.7420,25.8966,26.0506
50,2432,1368,1,25.0603,24.8633,24.7544,24.7116,24.7181,24.7572,24.8342,24.9296,25.0420,25.1685,25.3008,25.4480,25.5995,25.7521,25.9049,26.0574
50,2528,1422,1,24.9266,24.7485,24.6525,24.6227,24.6368,24.6846,24.7646,24.8596,24.9757,25.0992,25.2351,25.3806,25.5282,25.6768,25.8257,25.9873
100,2560,1440,0,26.8468,26.8789,26.9807,27.1358,27.3197,27.5263,27.7499,27.9773,28.2141,28.4471,28.6891,28.9298,29.1636,29.3903,29.6129,29.8465
100,1280,720,0,30.6837,30.2352,29.9183,29.7059,29.5786,29.5211,29.5240,29.5754,29.6719,29.8049,29.9694,30.1621,30.3755,30.6178,30.8730,31.1472
100,1376,774,0,29.9301,29.5307,29.2602,29.0918,29.0071,28.9919,29.0326,29.1248,29.2569,29.4244,29.6219,29.8468,30.0951,30.3624,30.6435,30.9324
100,1472,828,0,29.2973,28.9396,28.7081,28.5768,28.5263,28.5427,28.6159,28.7345,28.8930,29.0823,29.3045,29.5473,29.8130,30.0893,30.3799,30.6949
100,1568,882,0,28.9695,28.6571,28.4694,28.3800,28.3704,28.4254,28.5348,28.6884,28.8768,29.1019,29.3493,29.6197,29.9002,30.2039,30.5237,30.8465
100,1664,936,0,28.4396,28.1657,28.0133,27.9578,27.9794,28.0634,28.1981,28.3745,28.5893,28.8303,29.0957,29.3721,29.6772,29.9940,30.3137,30.6397
100,1760,990,0,28.3451,28.1098,27.9932,27.9704,28.0234,28.1356,28.2949,28.4950,28.7257,28.9829,29.2513,29.5502,29.8588,30.1693,30.4890,30.8134
100,1856,1044,0,27.9231,27.7164,27.6264,27.6258,27.6968,27.8249,27.9963,28.2062,28.4449,28.6980,28.9808,29.2758,29.5734,29.8822,30.1939,30.5013
100,1952,1098,0,27.7670,27.5916,27.5295,27.5545,27.6464,27.7884,27.9797,28.2001,28.4399,28.7066,28.9904,29.2770,29.5748,29.8753,30.1711,30.4679
100,2048,1152,0,27.6111,27.4721,27.4419,27.4952,27.6119,27.7797,27.9854,28.2175,28.4722,28.7519,29.0349,29.3279,29.6254,29.9178,30.2121,30.5095
100,2144,1206,0,27.3746,27.2608,27.2542,27.3259,27.4560,27.6359,27.8497,28.0818,28.3494,28.6222,28.9033,29.1925,29.4775,29.7640,30.0546,30.3361
100,2240,1260,0,27.3869,27.3004,27.3139,27.4017,27.5471,27.7335,27.9449,28.1885,28.4467,28.7099,28.9861,29.2583,29.5301,29.8085,30.0781,30.3378
100,2336,1314,0,27.1982,27.1312,27.1592,27.2559,27.4074,27.5954,27.8079,28.0494,28.2955,28.5567,28.8180,29.0765,29.3460,29.6078,29.8608,30.1044
100,2432,1368,0,27.2122,27.1727,27.2223,27.3373,27.4992,27.6877,27.9129,28.1490,28.3957,28.6497,28.9001,29.1612,29.4182,29.6670,29.9072,30.1385
100,2528,1422,0,27.0147,26.9962,27.0589,27.1867,27.3540,27.5492,27.7726,28.0020,28.2473,28.4906,28.7398,28.9921,29.2374,29.4748,29.7041,29.9443
100,1280,720,1,30.3215,29.8652,29.5398,29.3183,29.1811,29.1132,29.1052,29.1452,29.2298,29.3504,29.5021,29.6814,29.8811,30.1092,30.3498,30.6089
100,1376,774,1,29.6972,29.2910,29.0131,28.8369,28.7438,28.7197,28.7511,28.8334,28.9551,29.1118,29.2979,29.5110,29.7470,30.0013,30.2692,30.5445
100,1472,828,1,29.0931,28.7284,28.4894,28.3502,28.2912,28.2987,28.3625,28.4713,28.6194,28.7980,29.0089,29.2401,29.4937,29.7576,30.0354,30.3370
100,1568,882,1,28.7848,28.4649,28.2693,28.1714,28.1527,28.1983,28.2976,28.4407,28.6183,28.8319,29.0674,29.3256,29.5936,29.8841,30.1903,30.4993
100,1664,936,1,28.2671,27.9853,27.8246,27.7602,27.7723,27.8463,27.9706,28.1361,28.3395,28.5688,28.8219,29.0860,29.3781,29.6815,29.9879,30.3003
100,1760,990,1,28.1910,27.9485,27.8241,27.7930,27.8372,27.9402,28.0900,28.2801,28.5004,28.7470,29.0047,29.2924,29.5895,29.8886,30.1967,30.5095
100,1856,1044,1,27.8101,27.5969,27.4999,27.4920,27.5551,27.6750,27.8379,28.0389,28.2684,28.5121,28.7852,29.0703,29.3579,29.6565,29.9582,30.2555
100,1952,1098,1,27.6598,27.4783,27.4097,27.4279,27.5127,27.6474,27.8310,28.0436,28.2755,28.5342,28.8098,29.0882,29.3778,29.6703,29.9583,30.2473
100,2048,1152,1,27.5160,27.3711,27.3346,27.3813,27.4912,27.6519,27.8503,28.0750,28.3223,28.5943,28.8697,29.1552,29.4451,29.7303,30.0174,30.3078
100,2144,1206,1,27.3000,27.1812,27.1693,27.2355,27.3598,27.5339,27.7415,27.9676,28.2288,28.4952,28.7700,29.0529,29.3318,29.6122,29.8969,30.1727
100,2240,1260,1,27.3140,27.2223,27.2304,27.3126,27.4523,27.6329,27.8384,28.0761,28.3284,28.5858,28.8562,29.1229,29.3894,29.6627,29.9274,30.1826
100,2336,1314,1,27.1317,27.0598,27.0829,27.1745,27.3209,27.5038,27.7111,27.9476,28.1888,28.4452,28.7020,28.9563,29.2216,29.4795,29.7290,29.9694
100,2432,1368,1,27.1472,27.1027,27.1473,27.2572,27.4140,27.5976,27.8179,28.0492,28.2914,28.5411,28.7875,29.0447,29.2981,29.5437,29.7809,30.0097
100,2528,1422,1,26.9546,26.9315,26.9896,27.1127,27.2755,27.4663,27.6856,27.9110,28.1525,28.3923,28.6382,28.8876,29.1301,29.3652,29.5923,29.8305
150,2560,1440,0,28.1054,28.2712,28.5091,28.8012,29.1195,29.4567,29.8060,30.1513,30.5001,30.8358,31.1755,31.5060,31.8203,32.1186,32.4053,32.7004
150,1280,720,0,33.0373,32.6227,32.3440,32.1731,32.0898,32.0784,32.1295,32.2302,32.3776,32.5622,32.7789,33.0242,33.2899,33.5862,33.8943,34.2220
150,1376,774,0,31.8039,31.4386,31.2054,31.0771,31.0349,31.0642,31.1510,31.2911,31.4724,31.6903,31.9391,32.2167,32.5187,32.8405,33.1766,33.5204
150,1472,828,0,30.8588,30.5371,30.3446,30.2548,30.2479,30.3099,30.4306,30.5984,30.8075,31.0487,31.3246,31.6221,31.9441,32.2769,32.6252,33.0009
150,1568,882,0,30.2782,30.0083,29.8665,29.8259,29.8679,29.9774,30.1439,30.3573,30.6079,30.8983,31.2130,31.5537,31.9057,32.2845,32.6826,33.0850
150,1664,936,0,29.6912,29.4649,29.3638,29.3631,29.4427,29.5879,29.7870,30.0307,30.3165,30.6312,30.9734,31.3283,31.7168,32.1199,32.5275,32.9437
150,1760,990,0,29.5848,29.4082,29.3544,29.3987,29.5229,29.7104,29.9488,30.2320,30.5494,30.8971,31.2579,31.6548,32.0641,32.4764,32.9008,33.3320
150,1856,1044,0,29.1379,28.9958,28.9750,29.0481,29.1969,29.4072,29.6645,29.9646,30.2971,30.6459,31.0298,31.4286,31.8308,32.2472,32.6678,33.0832
150,1952,1098,0,29.0407,28.9403,28.9584,29.0685,29.2501,29.4858,29.7759,30.0983,30.4424,30.8178,31.2134,31.6118,32.0238,32.4387,32.8469,33.2553
150,2048,1152,0,28.8941,28.8395,28.8992,29.0478,29.2647,29.5373,29.8519,30.1957,30.5651,30.9635,31.3650,31.7777,32.1946,32.6033,33.0123,33.4231
150,2144,1206,0,28.6461,28.6226,28.7120,28.8848,29.1203,29.4105,29.7376,30.0844,30.4721,30.8645,31.2652,31.6744,32.0758,32.4766,32.8801,33.2683
150,2240,1260,0,28.7020,28.7161,28.8361,29.0352,29.2964,29.6019,29.9336,30.3012,30.6837,31.0692,31.4679,31.8580,32.2437,32.6342,33.0085,33.3648
150,2336,1314,0,28.5078,28.5467,28.6858,28.8976,29.1680,29.4770,29.8109,30.1762,30.5432,30.9251,31.3030,31.6728,32.0525,32.4173,32.7655,33.0960
150,2432,1368,0,28.5521,28.6287,28.7992,29.0385,29.3268,29.6409,29.9939,30.3548,30.7233,31.0956,31.4573,31.8269,32.1853,32.5268,32.8507,33.1569
150,2528,1422,0,28.3729,28.4774,28.6666,28.9240,29.2211,29.5446,29.8959,30.2476,30.6128,30.9684,31.3250,31.6790,32.0171,32.3381,32.6417,32.9536
150,1280,720,1,32.0535,31.6249,31.3303,31.1420,31.0402,31.0094,31.0401,31.1201,31.2460,31.4089,31.6038,31.8271,32.0711,32.3450,32.6314,32.9372
150,1376,774,1,31.0521,30.6750,30.4287,30.2862,30.2290,30.2426,30.3133,30.4367,30.6010,30.8017,31.0331,31.2931,31.5774,31.8814,32.1999,32.5262
150,1472,828,1,30.2656,29.9323,29.7272,29.6239,29.6029,29.6502,29.7557,29.9078,30.1010,30.3260,30.5853,30.8662,31.1712,31.4872,31.8186,32.1765
150,1568,882,1,29.8702,29.5891,29.4352,29.3817,29.4102,29.5053,29.6569,29.8547,30.0892,30.3627,30.6602,30.9829,31.3167,31.6765,32.0547,32.4370
150,1664,936,1,29.3653,29.1285,29.0159,29.0029,29.0694,29.2009,29.3855,29.6142,29.8841,30.1822,30.5072,30.8445,31.2143,31.5978,31.9855,32.3812
150,1760,990,1,29.3365,29.1495,29.0846,29.1169,29.2283,29.4022,29.6262,29.8942,30.1956,30.5264,30.8697,31.2479,31.6377,32.0299,32.4333,32.8428
150,1856,1044,1,28.9149,28.7621,28.7298,28.7905,28.9263,29.1227,29.3654,29.6501,29.9664,30.2986,30.6647,31.0451,31.4286,31.8255,32.2261,32.6215
150,1952,1098,1,28.8278,28.7167,28.7233,28.8212,28.9898,29.2119,29.4876,29.7950,30.1236,30.4828,30.8615,31.2428,31.6371,32.0341,32.4245,32.8148
150,2048,1152,1,28.6886,28.6216,28.6679,28.8023,29.0040,29.2608,29.5587,29.8852,30.2367,30.6164,30.9989,31.3922,31.7895,32.1790,32.5688,32.9604
150,2144,1206,1,28.4645,28.4292,28.5062,28.6657,28.8873,29.1628,29.4748,29.8061,30.1774,30.5533,30.9375,31.3298,31.7147,32.0992,32.4864,32.8591
150,2240,1260,1,28.5216,28.5230,28.6293,28.8141,29.0603,29.3504,29.6663,30.0174,30.3834,30.7525,31.1347,31.5088,31.8789,32.2540,32.6139,32.9571
150,2336,1314,1,28.3656,28.3936,28.5213,28.7212,28.9791,29.2753,29.5961,29.9480,30.3018,30.6703,31.0351,31.3923,31.7593,32.1120,32.4490,32.7691
150,2432,1368,1,28.4093,28.4745,28.6330,28.8599,29.1354,29.4366,29.7764,30.1242,30.4798,30.8393,31.1889,31.5466,31.8936,32.2247,32.5391,32.8367
150,2528,1422,1,28.2559,28.3497,28.5278,28.7737,29.0590,29.3706,29.7100,30.0501,30.4037,30.7482,31.0941,31.4379,31.7663,32.0786,32.3744,32.6787
200,2560,1440,0,28.9806,29.2457,29.5876,29.9875,30.4144,30.8601,31.3165,31.7647,32.2134,32.6426,33.0727,33.4876,33.8786,34.2456,34.5939,34.9482
200,1280,720,0,35.5882,35.2145,34.9822,34.8617,34.8321,34.8766,34.9858,35.1453,35.3526,35.5971,35.8732,36.1770,36.4993,36.8524,37.2144,37.5947
200,1376,774,0,34.0197,33.6896,33.4955,33.4094,33.4116,33.4873,33.6213,33.8098,34.0394,34.3055,34.6019,34.9265,35.2749,35.6417,36.0213,36.4061
200,1472,828,0,32.7483,32.4598,32.3034,32.2520,32.2852,32.3885,32.5515,32.7619,33.0139,33.2974,33.6161,33.9554,34.3190,34.6919,35.0797,35.4960
200,1568,882,0,31.8923,31.6552,31.5484,31.5448,31.6253,31.7742,31.9810,32.2352,32.5266,32.8586,33.2146,33.5965,33.9889,34.4092,34.8492,35.2928
200,1664,936,0,31.1768,30.9859,30.9228,30.9622,31.0837,31.2724,31.5159,31.8050,32.1374,32.4991,32.8890,33.2910,33.7291,34.1822,34.6395,35.1059
200,1760,990,0,30.7411,30.6006,30.5854,30.6705,30.8377,31.0700,31.3549,31.6865,32.0540,32.4535,32.8668,33.3197,33.7864,34.2569,34.7418,35.2352
200,1856,1044,0,30.1269,30.0225,30.0421,30.1578,30.3516,30.6090,30.9155,31.2671,31.6531,32.0568,32.4990,32.9582,33.4220,33.9028,34.3896,34.8721
200,1952,1098,0,29.9719,29.9161,29.9820,30.1431,30.3786,30.6709,31.0213,31.4066,31.8157,32.2599,32.7275,33.1995,33.6881,34.1816,34.6689,35.1578
200,2048,1152,0,29.8170,29.8130,29.9272,30.1340,30.4126,30.7507,31.1342,31.5500,31.9947,32.4728,32.9557,33.4527,33.9561,34.4516,34.9486,35.4487
200,2144,1206,0,29.5843,29.6183,29.7697,30.0083,30.3135,30.6775,31.0821,31.5086,31.9817,32.4611,32.9513,33.4524,33.9455,34.4387,34.9356,35.4145
200,2240,1260,0,29.6547,29.7374,29.9308,30.2081,30.5521,30.9445,31.3658,31.8279,32.3074,32.7910,33.2903,33.7796,34.2633,34.7521,35.2201,35.6642
200,2336,1314,0,29.4994,29.6134,29.8324,30.1283,30.4870,30.8874,31.3148,31.7775,32.2416,32.7225,33.1980,33.6628,34.1381,34.5936,35.0266,35.4350
200,2432,1368,0,29.5631,29.7272,29.9903,30.3270,30.7166,31.1335,31.5938,32.0619,32.5376,33.0161,33.4798,33.9509,34.4051,34.8351,35.2393,35.6172
200,2528,1422,0,29.3716,29.5688,29.8554,30.2153,30.6174,31.0475,31.5077,31.9663,32.4386,32.8970,33.3538,33.8043,34.2315,34.6336,35.0095,35.3912
200,1280,720,1,33.9127,33.5107,33.2462,33.0907,33.0239,33.0295,33.0982,33.2168,33.3823,33.5850,33.8197,34.0827,34.3655,34.6789,35.0034,35.3472
200,1376,774,1,32.6894,32.3363,32.1166,32.0028,31.9757,32.0207,32.1234,32.2797,32.4770,32.7108,32.9753,33.2682,33.5853,33.9216,34.2717,34.6285
200,1472,828,1,31.6700,31.3614,31.1830,31.1081,31.1165,31.1943,31.3309,31.5147,31.7397,31.9965,32.2880,32.6007,32.9376,33.2848,33.6471,34.0371
200,1568,882,1,31.0478,30.7936,30.6684,30.6454,30.7056,30.8337,31.0193,31.2520,31.5219,31.8320,32.1664,32.5267,32.8979,33.2965,33.7147,34.1368
200,1664,936,1,30.3938,30.1851,30.1029,30.1222,30.2227,30.3897,30.6112,30.8780,31.1876,31.5265,31.8935,32.2731,32.6877,33.1173,33.5516,33.9950
200,1760,990,1,30.1832,30.0270,29.9950,30.0623,30.2109,30.4240,30.6891,31.0002,31.3467,31.7247,32.1163,32.5463,32.9896,33.4367,33.8972,34.3657
200,1856,1044,1,29.7140,29.5955,29.5999,29.6996,29.8766,30.1164,30.4047,30.7373,31.1037,31.4874,31.9083,32.3455,32.7869,33.2443,33.7071,34.1652
200,1952,1098,1,29.6448,29.5745,29.6249,29.7695,29.9875,30.2614,30.5922,30.9571,31.3450,31.7667,32.2105,32.6582,33.1212,33.5884,34.0490,34.5104
200,2048,1152,1,29.5343,29.5162,29.6150,29.8053,30.0664,30.3857,30.7494,31.1443,31.5669,32.0215,32.4799,32.9514,33.4281,33.8965,34.3656,34.8369
200,2144,1206,1,29.3368,29.3564,29.4922,29.7142,30.0015,30.3465,30.7309,31.1365,31.5868,32.0428,32.5085,32.9841,33.4514,33.9182,34.3880,34.8402
200,2240,1260,1,29.4118,29.4777,29.6531,29.9111,30.2347,30.6055,31.0043,31.4425,31.8974,32.3558,32.8291,33.2925,33.7503,34.2130,34.6558,35.0762
200,2336,1314,1,29.2655,29.3634,29.5651,29.8427,30.1822,30.5625,30.9693,31.4103,31.8526,32.3110,32.7641,33.2068,33.6595,34.0935,34.5060,34.8954
200,2432,1368,1,29.3381,29.4832,29.7260,30.0414,30.4085,30.8024,31.2384,31.6821,32.1331,32.5869,33.0266,33.4735,33.9048,34.3134,34.6982,35.0586
200,2528,1422,1,29.1605,29.3399,29.6077,29.9479,30.3298,30.7393,31.1785,31.6165,32.0680,32.5064,32.9437,33.3754,33.7852,34.1715,34.5335,34.9017
250,2560,1440,0,29.6503,29.9894,30.4100,30.8930,31.4052,31.9373,32.4807,33.0138,33.5462,34.0552,34.5637,35.0526,35.5114,35.9396,36.3430,36.7500
250,1280,720,0,37.6507,37.3224,37.1403,37.0742,37.1022,37.2067,37.3779,37.6005,37.8718,38.1799,38.5189,38.8842,39.2652,39.6765,40.0928,40.5252
250,1376,774,0,36.1143,35.8279,35.6820,35.6473,35.7038,35.8357,36.0266,36.2732,36.5603,36.8831,37.2349,37.6134,38.0137,38.4301,38.8561,39.2836
250,1472,828,0,34.7989,34.5547,34.4468,34.4471,34.5340,34.6929,34.9125,35.1797,35.4882,35.8272,36.2012,36.5938,37.0097,37.4319,37.8672,38.3319
250,1568,882,0,33.6235,33.4228,33.3553,33.3928,33.5157,33.7077,33.9581,34.2554,34.5892,34.9635,35.3602,35.7820,36.2119,36.6696,37.1464,37.6249
250,1664,936,0,32.7358,32.5798,32.5539,32.6322,32.7935,33.0225,33.3065,33.6357,34.0083,34.4091,34.8375,35.2760,35.7516,36.2412,36.7334,37.2338
250,1760,990,0,32.1280,32.0211,32.0412,32.1627,32.3674,32.6374,32.9601,33.3294,33.7341,34.1707,34.6195,35.1092,35.6121,36.1176,36.6373,37.1654
250,1856,1044,0,31.3023,31.2298,31.2829,31.4331,31.6622,31.9554,32.2978,32.6856,33.1080,33.5473,34.0263,34.5223,35.0224,35.5401,36.0640,36.5831
250,1952,1098,0,31.0006,30.9794,31.0817,31.2808,31.5556,31.8879,32.2800,32.7076,33.1594,33.6480,34.1612,34.6791,35.2151,35.7569,36.2926,36.8305
250,2048,1152,0,30.7405,30.7736,30.9270,31.1751,31.4968,31.8801,32.3104,32.7745,33.2694,33.8005,34.3373,34.8905,35.4518,36.0058,36.5630,37.1252
250,2144,1206,0,30.4276,30.5005,30.6937,30.9765,31.3279,31.7409,32.1965,32.6754,33.2049,33.7422,34.2923,34.8557,35.4121,35.9701,36.5339,37.0787
250,2240,1260,0,30.3850,30.5119,30.7530,31.0811,31.4794,31.9292,32.4103,32.9364,33.4829,34.0356,34.6076,35.1707,35.7293,36.2955,36.8396,37.3574
250,2336,1314,0,30.2902,30.4576,30.7338,31.0904,31.5134,31.9810,32.4781,33.0144,33.5530,34.1116,34.6651,35.2075,35.7625,36.2953,36.8016,37.2786
250,2432,1368,0,30.3189,30.5443,30.8734,31.2804,31.7442,32.2381,32.7801,33.3319,33.8933,34.4591,35.0090,35.5676,36.1070,36.6173,37.0960,37.5417
250,2528,1422,0,30.1406,30.4061,30.7654,31.2027,31.6855,32.1988,32.7458,33.2913,33.8524,34.3980,34.9415,35.4772,35.9846,36.4605,36.9031,37.3494
250,1280,720,1,35.7975,35.4277,35.1993,35.0831,35.0579,35.1069,35.2204,35.3844,35.5960,35.8446,36.1247,36.4323,36.7579,37.1142,37.4790,37.8618
250,1376,774,1,34.3850,34.0613,33.8742,33.7954,33.8053,33.8887,34.0305,34.2268,34.4639,34.7372,35.0406,35.3718,35.7263,36.0988,36.4835,36.8727
250,1472,828,1,33.1029,32.8210,32.6717,32.6280,32.6689,32.7803,32.9514,33.1698,33.4297,33.7209,34.0472,34.3938,34.7645,35.1440,35.5381,35.9609
250,1568,882,1,32.3189,32.0891,31.9900,31.9944,32.0830,32.2399,32.4547,32.7166,33.0154,33.3547,33.7174,34.1058,34.5041,34.9300,35.3753,35.8238
250,1664,936,1,31.6289,31.4471,31.3935,31.4428,31.5744,31.7731,32.0266,32.3256,32.6677,33.0387,33.4377,33.8482,34.2949,34.7562,35.2212,35.6950
250,1760,990,1,31.2359,31.1065,31.1028,31.1996,31.3788,31.6230,31.9198,32.2630,32.6418,33.0525,33.4763,33.9399,34.4169,34.8972,35.3916,35.8943
250,1856,1044,1,30.5605,30.4680,30.5000,30.6285,30.8354,31.1060,31.4258,31.7908,32.1904,32.6073,33.0632,33.5361,34.0135,34.5081,35.0089,35.5053
250,1952,1098,1,30.3643,30.3225,30.4031,30.5796,30.8312,31.1400,31.5078,31.9109,32.3382,32.8015,33.2889,33.7810,34.2906,34.8057,35.3149,35.8261
250,2048,1152,1,30.2031,30.2162,30.3484,30.5744,30.8731,31.2324,31.6381,32.0769,32.5457,33.0493,33.5582,34.0825,34.6140,35.1379,35.6641,36.1943
250,2144,1206,1,29.9915,30.0454,30.2181,30.4795,30.8084,31.1977,31.6286,32.0824,32.5848,33.0944,33.6158,34.1494,34.6754,35.2024,35.7340,36.2472
250,2240,1260,1,30.0398,30.1473,30.3675,30.6733,31.0479,31.4725,31.9275,32.4256,32.9427,33.4650,34.0049,34.5352,35.0603,35.5917,36.1013,36.5855
250,2336,1314,1,29.9726,30.1198,30.3743,30.7077,31.1062,31.5481,32.0183,32.5260,33.0354,33.5633,34.0856,34.5966,35.1190,35.6197,36.0952,36.5431
250,2432,1368,1,30.0579,30.2622,30.5683,30.9506,31.3880,31.8542,32.3663,32.8872,33.4164,33.9488,34.4652,34.9892,35.4943,35.9718,36.4196,36.8366
250,2528,1422,1,29.8823,30.1250,30.4600,30.8711,31.3266,31.8115,32.3286,32.8439,33.3739,33.8888,34.4014,34.9066,35.3850,35.8341,36.2524,36.6751
300,2560,1440,0,30.1493,30.5415,31.0195,31.5641,32.1405,32.7390,33.3502,33.9510,34.5516,35.1268,35.7014,36.2541,36.7722,37.2548,37.7077,38.1622
300,1280,720,0,39.4409,39.1666,39.0447,39.0442,39.1427,39.3218,39.5716,39.8751,40.2300,40.6227,41.0463,41.4955,41.9576,42.4496,42.9416,43.4465
300,1376,774,0,37.8609,37.6226,37.5295,37.5514,37.6675,37.8614,38.1156,38.4269,38.7784,39.1649,39.5788,40.0176,40.4759,40.9472,41.4242,41.8980
300,1472,828,0,36.5356,36.3374,36.2793,36.3326,36.4746,36.6901,36.9674,37.2919,37.6575,38.0517,38.4802,38.9247,39.3906,39.8590,40.3380,40.8458
300,1568,882,0,35.3387,35.1819,35.1617,35.2488,35.4231,35.6672,35.9698,36.3189,36.7028,37.1267,37.5705,38.0375,38.5090,39.0073,39.5230,40.0369
300,1664,936,0,34.3091,34.1942,34.2118,34.3356,34.5433,34.8190,35.1492,35.5238,35.9411,36.3847,36.8542,37.3310,37.8447,38.3706,38.8963,39.4284
300,1760,990,0,33.4941,33.4236,33.4819,33.6430,33.8878,34.1981,34.5604,34.9688,35.4116,35.8852,36.3688,36.8938,37.4305,37.9680,38.5192,39.0777
300,1856,1044,0,32.5762,32.5377,32.6262,32.8126,33.0781,33.4077,33.7857,34.2087,34.6654,35.1372,35.6492,36.1772,36.7077,37.2556,37.8090,38.3562
300,1952,1098,0,32.1005,32.1112,32.2466,32.4794,32.7879,33.1535,33.5793,34.0398,34.5234,35.0441,35.5892,36.1379,36.7048,37.2771,37.8422,38.4093
300,2048,1152,0,31.7565,31.8219,32.0089,32.2913,32.6477,33.0658,33.5309,34.0295,34.5588,35.1253,35.6969,36.2853,36.8823,37.4714,38.0643,38.6629
300,2144,1206,0,31.4351,31.5429,31.7724,32.0923,32.4811,32.9318,33.4252,33.9409,34.5092,35.0844,35.6725,36.2747,36.8692,37.4658,38.0686,38.6512
300,2240,1260,0,31.1726,31.3347,31.6127,31.9792,32.4172,32.9078,33.4305,34.0002,34.5916,35.1902,35.8104,36.4224,37.0311,37.6495,38.2454,38.8141
300,2336,1314,0,31.0484,31.2589,31.5808,31.9853,32.4587,32.9786,33.5295,34.1227,34.7190,35.3381,35.9530,36.5570,37.1766,37.7724,38.3395,38.8741
300,2432,1368,0,30.9583,31.2290,31.6064,32.0649,32.5832,33.1335,33.7361,34.3506,34.9772,35.6105,36.2282,36.8574,37.4666,38.0445,38.5873,39.0925
300,2528,1422,0,30.7417,31.0558,31.4670,31.9600,32.5015,33.0763,33.6882,34.3001,34.9308,35.5464,36.1614,36.7693,37.3465,37.8888,38.3928,38.8997
300,1280,720,1,37.4038,37.0686,36.8789,36.8044,36.8233,36.9183,37.0795,37.2916,37.5521,37.8494,38.1774,38.5319,38.9023,39.3029,39.7090,40.1315
300,1376,774,1,35.9499,35.6593,35.5087,35.4689,35.5199,35.6460,35.8309,36.0713,36.3521,36.6685,37.0139,37.3861,37.7802,38.1904,38.6104,39.0322
300,1472,828,1,34.6919,34.4445,34.3329,34.3293,34.4121,34.5665,34.7815,35.0439,35.3476,35.6816,36.0506,36.4383,36.8491,37.2664,37.6968,38.1564
300,1568,882,1,33.6259,33.4245,33.3560,33.3924,33.5140,33.7045,33.9531,34.2486,34.5802,34.9521,35.3463,35.7653,36.1922,36.6468,37.1202,37.5951
300,1664,936,1,32.7721,32.6165,32.5908,32.6692,32.8306,33.0596,33.3433,33.6721,34.0442,34.4443,34.8718,35.3094,35.7837,36.2720,36.7627,37.2616
300,1760,990,1,32.2567,32.1520,32.1742,32.2978,32.5044,32.7762,33.1004,33.4710,33.8767,34.3140,34.7632,35.2530,35.7556,36.2606,36.7796,37.3066
300,1856,1044,1,31.4814,31.4126,31.4692,31.6230,31.8554,32.1518,32.4971,32.8875,33.3122,33.7534,34.2342,34.7316,35.2328,35.7514,36.2760,36.7955
300,1952,1098,1,31.2422,31.2269,31.3353,31.5403,31.8208,32.1586,32.5561,32.9887,33.4451,33.9381,34.4555,34.9772,35.5169,36.0620,36.6007,37.1414
300,2048,1152,1,30.9805,31.0208,31.1816,31.4373,31.7665,32.1572,32.5950,33.0663,33.5684,34.1068,34.6507,35.2110,35.7795,36.3405,36.9048,37.4741
300,2144,1206,1,30.7040,30.7860,30.9887,31.2812,31.6423,32.0650,32.5303,33.0187,33.5582,34.1052,34.6651,35.2385,35.8048,36.3729,36.9469,37.5018
300,2240,1260,1,30.6184,30.7567,31.0097,31.3503,31.7616,32.2250,32.7200,33.2608,33.8227,34.3911,34.9796,35.5595,36.1354,36.7194,37.2812,37.8164
300,2336,1314,1,30.5614,30.7454,31.0393,31.4145,31.8572,32.3453,32.8636,33.4222,33.9836,34.5658,35.1434,35.7098,36.2898,36.8468,37.3765,37.8754
300,2432,1368,1,30.5865,30.8311,31.1805,31.6092,32.0959,32.6134,33.1808,33.7588,34.3473,34.9412,35.5190,36.1067,36.6746,37.2125,37.7172,38.1870
300,2528,1422,1,30.4028,30.6908,31.0742,31.5373,32.0474,32.5894,33.1666,33.7430,34.3364,34.9144,35.4908,36.0596,36.5989,37.1051,37.5756,38.0493
350,2560,1440,0,30.5905,31.0225,31.5436,32.1347,32.7598,33.4091,34.0727,34.7265,35.3813,36.0103,36.6398,37.2463,37.8157,38.3462,38.8436,39.3416
350,1280,720,0,40.7722,40.5451,40.4760,40.5336,40.6952,40.9421,41.2645,41.6444,42.0797,42.5556,43.0642,43.5995,44.1467,44.7246,45.2988,45.8832
350,1376,774,0,39.3238,39.1366,39.0999,39.1830,39.3647,39.6281,39.9544,40.3406,40.7681,41.2309,41.7205,42.2338,42.7643,43.3043,43.8455,44.3776
350,1472,828,0,38.0181,37.8701,37.8668,37.9787,38.1823,38.4617,38.8046,39.1952,39.6267,40.0853,40.5774,41.0823,41.6061,42.1278,42.6563,43.2122
350,1568,882,0,36.8148,36.7029,36.7308,36.8686,37.0951,37.3923,37.7482,38.1499,38.5847,39.0586,39.5495,40.0611,40.5732,41.1106,41.6628,42.2094
350,1664,936,0,35.7771,35.7071,35.7724,35.9459,36.2044,36.5310,36.9115,37.3352,37.8004,38.2893,38.8018,39.3175,39.8695,40.4305,40.9876,41.5481
350,1760,990,0,34.8921,34.8642,34.9671,35.1740,35.4653,35.8216,36.2288,36.6808,37.1651,37.6783,38.1979,38.7585,39.3282,39.8955,40.4745,41.0589
350,1856,1044,0,33.8778,33.8795,34.0100,34.2391,34.5476,34.9198,35.3392,35.8027,36.2983,36.8062,37.3544,37.9169,38.4794,39.0584,39.6412,40.2156
350,1952,1098,0,33.1888,33.2332,33.4037,33.6719,34.0157,34.4157,34.8758,35.3692,35.8839,36.4353,37.0104,37.5873,38.1821,38.7813,39.3716,39.9632
350,2048,1152,0,32.8023,32.9014,33.1228,33.4400,33.8307,34.2827,34.7809,35.3112,35.8715,36.4690,37.0700,37.6877,38.3134,38.9301,39.5504,40.1764
350,2144,1206,0,32.3869,32.5275,32.7908,33.1445,33.5665,34.0504,34.5760,35.1224,35.7224,36.3278,36.9458,37.5778,38.2011,38.8264,39.4581,40.0684
350,2240,1260,0,32.0143,32.2078,32.5178,32.9163,33.3862,33.9081,34.4611,35.0616,35.6835,36.3120,36.9632,37.6059,38.2455,38.8957,39.5231,40.1223
350,2336,1314,0,31.8522,32.1006,32.4616,32.9057,33.4195,33.9799,34.5711,35.2060,35.8435,36.5049,37.1622,37.8082,38.4714,39.1096,39.7170,40.2894
350,2432,1368,0,31.6515,31.9603,32.3773,32.8768,33.4369,34.0295,34.6764,35.3357,36.0084,36.6892,37.3546,38.0337,38.6926,39.3189,39.9079,40.4565
350,2528,1422,0,31.3534,31.7072,32.1603,32.6972,33.2842,33.9056,34.5663,35.2278,35.9103,36.5782,37.2472,37.9100,38.5412,39.1353,39.6881,40.2437
350,1280,720,1,38.8947,38.6014,38.4583,38.4345,38.5077,38.6598,38.8809,39.1546,39.4783,39.8392,40.2306,40.6475,41.0782,41.5386,42.0008,42.4768
350,1376,774,1,37.3107,37.0549,36.9425,36.9435,37.0374,37.2081,37.4383,37.7247,38.0513,38.4130,38.8023,39.2172,39.6522,40.1013,40.5575,41.0122
350,1472,828,1,36.0454,35.8324,35.7582,35.7941,35.9181,36.1148,36.3728,36.6780,37.0242,37.3995,37.8092,38.2356,38.6839,39.1358,39.5990,40.0912
350,1568,882,1,34.9272,34.7580,34.7242,34.7969,34.9560,35.1846,35.4713,35.8045,36.1727,36.5808,37.0093,37.4613,37.9187,38.4030,38.9049,39.4059
350,1664,936,1,33.9608,33.8354,33.8418,33.9536,34.1490,34.4120,34.7295,35.0914,35.4960,35.9271,36.3845,36.8497,37.3517,37.8662,38.3810,38.9027
350,1760,990,1,33.2257,33.1471,33.1966,33.3485,33.5840,33.8846,34.2374,34.6362,35.0695,35.5338,36.0085,36.5243,37.0521,37.5811,38.1237,38.6739
350,1856,1044,1,32.4458,32.4023,32.4853,32.6659,32.9255,33.2488,33.6204,34.0368,34.4868,34.9519,35.4569,35.9778,36.5012,37.0419,37.5880,38.1280
350,1952,1098,1,32.0439,32.0520,32.1847,32.4144,32.7198,33.0821,33.5043,33.9611,34.4408,34.9573,35.4981,36.0423,36.6046,37.1720,37.7322,38.2943
350,2048,1152,1,31.7663,31.8310,32.0170,32.2982,32.6531,33.0695,33.5326,34.0289,34.5557,35.1192,35.6875,36.2724,36.8655,37.4505,38.0389,38.6327
350,2144,1206,1,31.5104,31.6193,31.8498,32.1703,32.5594,33.0102,33.5032,34.0183,34.5856,35.1595,35.7460,36.3464,36.9389,37.5332,38.1337,38.7139
350,2240,1260,1,31.2751,31.4401,31.7207,32.0897,32.5300,33.0227,33.5471,34.1184,34.7112,35.3109,35.9322,36.5450,37.1544,37.7735,38.3700,38.9392
350,2336,1314,1,31.1808,31.3971,31.7248,32.1350,32.6142,33.1397,33.6960,34.2947,34.8964,35.5207,36.1409,36.7500,37.3748,37.9756,38.5474,39.0864
350,2432,1368,1,31.0976,31.3755,31.7604,32.2267,32.7528,33.3111,33.9220,34.5449,35.1803,35.8226,36.4495,37.0882,37.7071,38.2944,38.8463,39.3601
350,2528,1422,1,30.8793,31.2033,31.6250,32.1290,32.6821,33.2689,33.8935,34.5182,35.1623,35.7915,36.4204,37.0423,37.6334,38.1887,38.7051,39.2240
400,2560,1440,0,31.0380,31.5027,32.0587,32.6865,33.3495,34.0375,34.7407,35.4341,36.1295,36.7992,37.4705,38.1185,38.7278,39.2964,39.8296,40.3632
400,1280,720,0,41.9296,41.7443,41.7220,41.8313,42.0498,42.3586,42.7483,43.2003,43.7129,44.2704,44.8642,45.4878,46.1244,46.7946,47.4592,48.1328
400,1376,774,0,40.4889,40.3476,40.3620,40.5009,40.7432,41.0717,41.4668,41.9258,42.4286,42.9685,43.5359,44.1271,44.7344,45.3485,45.9596,46.5556
400,1472,828,0,39.2783,39.1813,39.2341,39.4068,39.6754,40.0234,40.4380,40.9021,41.4080,41.9403,42.5062,43.0818,43.6738,44.2582,44.8449,45.4563
400,1568,882,0,38.1043,38.0422,38.1241,38.3193,38.6060,38.9651,39.3839,39.8484,40.3447,40.8793,41.4277,41.9940,42.5557,43.1400,43.7357,44.3202
400,1664,936,0,37.0276,37.0027,37.1159,37.3395,37.6494,38.0278,38.4597,38.9335,39.4476,39.9827,40.5387,41.0938,41.6837,42.2792,42.8666,43.4542
400,1760,990,0,36.1412,36.1570,36.3057,36.5596,36.8987,37.3022,37.7554,38.2518,38.7781,39.3308,39.8859,40.4810,41.0819,41.6765,42.2804,42.8871
400,1856,1044,0,35.1250,35.1705,35.3467,35.6225,35.9777,36.3958,36.8595,37.3656,37.9016,38.4463,39.0304,39.6261,40.2183,40.8251,41.4332,42.0298
400,1952,1098,0,34.3903,34.4766,34.6903,35.0021,35.3888,35.8303,36.3310,36.8624,37.4122,37.9974,38.6043,39.2100,39.8319,40.4559,41.0684,41.6801
400,2048,1152,0,33.8837,34.0214,34.2823,34.6389,35.0683,35.5577,36.0917,36.6556,37.2477,37.8763,38.5059,39.1509,39.8026,40.4431,41.0861,41.7341
400,2144,1206,0,33.3180,33.4937,33.7928,34.1821,34.6389,35.1567,35.7149,36.2918,36.9226,37.5570,38.2028,38.8623,39.5117,40.1625,40.8195,41.4534
400,2240,1260,0,32.8850,33.1121,33.4557,33.8875,34.3901,34.9434,35.5260,36.1558,36.8061,37.4619,38.1405,38.8097,39.4754,40.1523,40.8050,41.4283
400,2336,1314,0,32.6114,32.8934,33.2884,33.7664,34.3138,34.9069,35.5298,36.1967,36.8651,37.5580,38.2461,38.9224,39.6171,40.2856,40.9220,41.5214
400,2432,1368,0,32.3380,32.6800,33.1308,33.6641,34.2579,34.8830,35.5631,36.2551,36.9604,37.6743,38.3723,39.0853,39.7779,40.4366,41.0565,41.6339
400,2528,1422,0,32.0001,32.3897,32.8790,33.4530,34.0768,34.7347,35.4324,36.1301,36.8497,37.5542,38.2603,38.9606,39.6280,40.2562,40.8406,41.4276
400,1280,720,1,40.0924,39.8395,39.7416,39.7674,39.8945,40.1042,40.3868,40.7246,41.1155,41.5453,42.0066,42.4938,42.9934,43.5231,44.0511,44.5907
400,1376,774,1,38.5779,38.3626,38.2946,38.3435,38.4882,38.7122,38.9973,39.3403,39.7237,40.1419,40.5868,41.0559,41.5433,42.0419,42.5442,43.0408
400,1472,828,1,37.2273,37.0503,37.0152,37.0928,37.2603,37.5020,37.8060,38.1573,38.5493,38.9692,39.4230,39.8913,40.3799,40.8693,41.3677,41.8944
400,1568,882,1,36.1126,35.9772,35.9797,36.0906,36.2891,36.5576,36.8844,37.2572,37.6638,38.1098,38.5741,39.0602,39.5489,40.0634,40.5940,41.1209
400,1664,936,1,35.0869,34.9942,35.0351,35.1829,35.4151,35.7151,36.0691,36.4667,36.9061,37.3705,37.8595,38.3536,38.8841,39.4252,39.9641,40.5079
400,1760,990,1,34.3060,34.2589,34.3416,34.5275,34.7974,35.1323,35.5184,35.9498,36.4142,36.9082,37.4101,37.9530,38.5061,39.0579,39.6222,40.1927
400,1856,1044,1,33.4203,33.4062,33.5200,33.7320,34.0230,34.3776,34.7797,35.2259,35.7047,36.1967,36.7287,37.2755,37.8231,38.3875,38.9561,39.5172
400,1952,1098,1,32.8209,32.8527,33.0100,33.2647,33.5949,33.9816,34.4283,34.9086,35.4109,35.9498,36.5127,37.0780,37.6612,38.2492,38.8289,39.4102
400,2048,1152,1,32.5615,32.6510,32.8625,33.1693,33.5496,33.9909,34.4784,34.9981,35.5476,36.1341,36.7243,37.3308,37.9452,38.5509,39.1598,39.7743
400,2144,1206,1,32.2125,32.3457,32.6010,32.9466,33.3603,33.8356,34.3526,34.8905,35.4814,36.0779,36.6867,37.3094,37.9235,38.5394,39.1616,39.7625
400,2240,1260,1,31.9316,32.1210,32.4264,32.8202,33.2851,33.8019,34.3495,34.9442,35.5600,36.1822,36.8266,37.4621,38.0942,38.7364,39.3556,39.9466
400,2336,1314,1,31.8241,32.0698,32.4277,32.8685,33.3785,33.9348,34.5215,35.1515,35.7839,36.4398,37.0913,37.7313,38.3882,39.0200,39.6212,40.1876
400,2432,1368,1,31.6568,31.9642,32.3795,32.8768,33.4345,34.0243,34.6679,35.3237,35.9925,36.6692,37.3302,38.0046,38.6589,39.2804,39.8649,40.4092
400,2528,1422,1,31.3635,31.7173,32.1700,32.7065,33.2928,33.9134,34.5732,35.2336,35.9149,36.5816,37.2494,37.9110,38.5412,39.1345,39.6867,40.2417
450,2560,1440,0,31.5147,32.0096,32.5972,33.2575,33.9528,34.6727,35.4074,36.1315,36.8576,37.5571,38.2587,38.9361,39.5730,40.1672,40.7240,41.2805
450,1280,720,0,43.0472,42.8925,42.9050,43.0535,43.3155,43.6723,44.1148,44.6239,45.1987,45.8229,46.4879,47.1868,47.9016,48.6546,49.4023,50.1603
450,1376,774,0,41.5179,41.4164,41.4752,41.6633,41.9594,42.3465,42.8044,43.3309,43.9047,44.5188,45.1626,45.8318,46.5175,47.2087,47.8939,48.5587
450,1472,828,0,40.3548,40.3041,40.4084,40.6373,40.9667,41.3797,41.8631,42.3987,42.9782,43.5848,44.2255,44.8741,45.5369,46.1869,46.8342,47.5028
450,1568,882,0,39.2195,39.2067,39.3428,39.5965,39.9453,40.3695,40.8556,41.3884,41.9524,42.5546,43.1677,43.7959,44.4139,45.0514,45.6956,46.3219
450,1664,936,0,38.1578,38.1819,38.3479,38.6274,38.9953,39.4330,39.9244,40.4567,41.0284,41.6180,42.2255,42.8269,43.4609,44.0957,44.7168,45.3335
450,1760,990,0,37.2869,37.3508,37.5502,37.8571,38.2503,38.7080,39.2143,39.7624,40.3378,40.9367,41.5335,42.1685,42.8050,43.4307,44.0623,44.6931
450,1856,1044,0,36.2293,36.3176,36.5385,36.8598,37.2606,37.7235,38.2302,38.7776,39.3523,39.9320,40.5496,41.1757,41.7946,42.4260,43.0557,43.6706
450,1952,1098,0,35.4936,35.6231,35.8815,36.2384,36.6696,37.1537,37.6960,38.2660,38.8509,39.4692,40.1066,40.7392,41.3857,42.0315,42.6625,43.2904
450,2048,1152,0,34.9161,35.0949,35.3977,35.7961,36.2661,36.7947,37.3654,37.9633,38.5868,39.2453,39.9015,40.5711,41.2453,41.9057,42.5668,43.2313
450,2144,1206,0,34.2980,34.5142,34.8546,35.2846,35.7806,36.3363,36.9299,37.5392,38.2020,38.8654,39.5383,40.2235,40.8962,41.5689,42.2469,42.8994
450,2240,1260,0,33.7862,34.0515,34.4335,34.9030,35.4420,36.0299,36.6443,37.3048,37.9839,38.6664,39.3711,40.0644,40.7531,41.4525,42.1257,42.7674
450,2336,1314,0,33.3571,33.6728,34.1015,34.6127,35.1925,35.8165,36.4687,37.1645,37.8602,38.5803,39.2948,39.9966,40.7175,41.4110,42.0710,42.6923
450,2432,1368,0,33.0565,33.4326,33.9175,34.4845,35.1109,35.7667,36.4773,37.1981,37.9316,38.6733,39.3982,40.1387,40.8581,41.5423,42.1859,42.7849
450,2528,1422,0,32.6497,33.0722,33.5946,34.2018,34.8577,35.5467,36.2751,37.0023,37.7517,38.4853,39.2208,39.9504,40.6460,41.3009,41.9098,42.5217
450,1280,720,1,41.1495,40.9342,40.8780,40.9498,41.1267,41.3903,41.7306,42.1294,42.5848,43.0817,43.6119,44.1693,44.7387,45.3392,45.9352,46.5408
450,1376,774,1,39.6503,39.4745,39.4504,39.5472,39.7437,40.0230,40.3660,40.7697,41.2152,41.6963,42.2043,42.7359,43.2843,43.8415,44.3989,44.9458
450,1472,828,1,38.3808,38.2455,38.2562,38.3828,38.6021,38.8978,39.2575,39.6651,40.1135,40.5886,41.0969,41.6171,42.1555,42.6903,43.2308,43.7980
450,1568,882,1,37.1483,37.0476,37.0876,37.2380,37.4775,37.7879,38.1570,38.5717,39.0191,39.5051,40.0074,40.5296,41.0512,41.5974,42.1576,42.7111
450,1664,936,1,36.1499,36.0912,36.1682,36.3536,36.6241,36.9625,37.3544,37.7888,38.2641,38.7623,39.2832,39.8062,40.3647,40.9313,41.4928,42.0569
450,1760,990,1,35.2842,35.2688,35.3846,35.6045,35.9089,36.2779,36.6973,37.1607,37.6556,38.1784,38.7064,39.2749,39.8513,40.4240,41.0077,41.5958
450,1856,1044,1,34.3582,34.3748,34.5207,34.7653,35.0891,35.4760,35.9094,36.3860,36.8939,37.4126,37.9710,38.5426,39.1129,39.6989,40.2877,40.8670
450,1952,1098,1,33.7530,33.8151,34.0035,34.2895,34.6506,35.0670,35.5427,36.0504,36.5779,37.1413,37.7272,38.3134,38.9165,39.5228,40.1190,40.7153
450,2048,1152,1,33.3059,33.4215,33.6595,33.9932,34.3998,34.8670,35.3795,35.9230,36.4956,37.1049,37.7165,38.3441,38.9791,39.6042,40.2323,40.8659
450,2144,1206,1,32.9113,33.0699,33.3513,33.7228,34.1619,34.6621,35.2031,35.7636,36.3775,36.9957,37.6256,38.2691,38.9031,39.5386,40.1802,40.7993
450,2240,1260,1,32.5673,32.7805,33.1099,33.5274,34.0155,34.5546,35.1233,35.7390,36.3753,37.0172,37.6815,38.3365,38.9881,39.6503,40.2888,40.8984
450,2336,1314,1,32.3684,32.6385,33.0213,33.4870,34.0220,34.6029,35.2138,35.8684,36.5248,37.2053,37.8812,38.5454,39.2273,39.8835,40.5080,41.0964
450,2432,1368,1,32.1848,32.5180,32.9597,33.4835,34.0674,34.6826,35.3522,36.0334,36.7276,37.4298,38.1160,38.8163,39.4960,40.1420,40.7496,41.3152
450,2528,1422,1,31.8814,32.2633,32.7447,33.3102,33.9253,34.5744,35.2628,35.9513,36.6612,37.3561,38.0523,38.7426,39.4004,40.0196,40.5957,41.1744
500,2560,1440,0,31.9616,32.4827,33.0971,33.7846,34.5065,35.2522,36.0120,36.7601,37.5102,38.2330,38.9583,39.6588,40.3174,40.9319,41.5074,42.0823
500,1280,720,0,44.2492,44.1173,44.1559,44.3336,44.6279,45.0202,45.5015,46.0526,46.6730,47.3462,48.0635,48.8181,49.5909,50.4058,51.2164,52.0388
500,1376,774,0,42.4860,42.4170,42.5124,42.7414,43.0828,43.5199,44.0320,44.6177,45.2548,45.9364,46.6511,47.3944,48.1564,48.9245,49.6854,50.4221
500,1472,828,0,41.2830,41.2712,41.4189,41.6958,42.0776,42.5474,43.0919,43.6922,44.3396,45.0157,45.7284,46.4483,47.1818,47.8985,48.6085,49.3370
500,1568,882,0,40.1993,40.2332,40.4210,40.7309,41.1405,41.6290,42.1826,42.7849,43.4190,44.0922,44.7741,45.4685,46.1473,46.8421,47.5380,48.2081
500,1664,936,0,39.1573,39.2303,39.4497,39.7867,40.2155,40.7164,41.2722,41.8692,42.5051,43.1566,43.8227,44.4772,45.1615,45.8410,46.4998,47.1480
500,1760,990,0,38.2990,38.4109,38.6618,39.0230,39.4724,39.9871,40.5499,41.1534,41.7819,42.4310,43.0730,43.7512,44.4262,45.0848,45.7452,46.4005
500,1856,1044,0,37.2731,37.4101,37.6825,38.0569,38.5115,39.0280,39.5866,40.1838,40.8055,41.4276,42.0856,42.7481,43.3985,44.0581,44.7122,45.3472
500,1952,1098,0,36.4614,36.6324,36.9338,37.3343,37.8086,38.3340,38.9166,39.5239,40.1426,40.7927,41.4592,42.1171,42.7867,43.4528,44.1011,44.7441
500,2048,1152,0,35.9105,36.1332,36.4807,36.9237,37.4371,38.0069,38.6161,39.2488,39.9040,40.5916,41.2730,41.9649,42.6584,43.3347,44.0091,44.6848
500,2144,1206,0,35.2583,35.5178,35.9022,36.3756,36.9132,37.5085,38.1386,38.7805,39.4745,40.1654,40.8630,41.5704,42.2623,42.9521,43.6452,44.3100
500,2240,1260,0,34.6853,34.9919,35.4155,35.9255,36.5034,37.1276,37.7750,38.4668,39.1744,39.8826,40.6116,41.3266,42.0352,42.7534,43.4430,44.0984
500,2336,1314,0,34.1767,34.5311,34.9985,35.5471,36.1626,36.8198,37.5022,38.2266,38.9479,39.6925,40.4295,41.1518,41.8928,42.6044,43.2803,43.9153
500,2432,1368,0,33.7993,34.2119,34.7332,35.3356,35.9956,36.6822,37.4224,38.1704,38.9295,39.6956,40.4432,41.2065,41.9476,42.6518,43.3136,43.9285
500,2528,1422,0,33.2944,33.7499,34.3054,34.9454,35.6330,36.3520,37.1101,37.8652,38.6429,39.4038,40.1665,40.9232,41.6445,42.3234,42.9543,43.5884
500,1280,720,1,42.1727,41.9909,41.9724,42.0858,42.3087,42.6222,43.0170,43.4744,43.9927,44.5562,45.1563,45.7865,46.4299,47.1072,47.7787,48.4594
500,1376,774,1,40.6229,40.4853,40.5038,40.6472,40.8943,41.2280,41.6286,42.0934,42.6021,43.1482,43.7218,44.3193,44.9327,45.5528,46.1696,46.7709
500,1472,828,1,39.3566,39.2616,39.3166,39.4917,39.7629,40.1136,40.5310,40.9978,41.5066,42.0417,42.6103,43.1884,43.7829,44.3694,44.9580,45.5712
500,1568,882,1,38.1887,38.1287,38.2128,38.4103,38.6992,39.0604,39.4813,39.9478,40.4457,40.9818,41.5313,42.0984,42.6605,43.2451,43.8405,44.4246
500,1664,936,1,37.0555,37.0308,37.1441,37.3675,37.6772,38.0552,38.4865,38.9595,39.4726,40.0066,40.5613,41.1151,41.7033,42.2971,42.8827,43.4685
500,1760,990,1,36.2338,36.2518,36.4026,36.6585,36.9992,37.4042,37.8585,38.3556,38.8823,39.4349,39.9896,40.5838,41.1833,41.7762,42.3781,42.9824
500,1856,1044,1,35.2374,35.2858,35.4650,35.7435,36.1011,36.5215,36.9870,37.4946,38.0317,38.5770,39.1614,39.7569,40.3486,40.9547,41.5617,42.1569
500,1952,1098,1,34.5896,34.6819,34.9013,35.2187,35.6107,36.0568,36.5616,37.0966,37.6490,38.2363,38.8447,39.4512,40.0733,40.6969,41.3084,41.9187
500,2048,1152,1,34.1253,34.2712,34.5401,34.9044,35.3410,35.8370,36.3767,36.9456,37.5418,38.1738,38.8059,39.4527,40.1054,40.7463,41.3890,42.0360
500,2144,1206,1,33.6339,33.8205,34.1305,34.5301,34.9963,35.5228,36.0885,36.6719,37.3084,37.9475,38.5972,39.2598,39.9114,40.5639,41.2221,41.8565
500,2240,1260,1,33.1626,33.4000,33.7539,34.1956,34.7074,35.2694,35.8598,36.4969,37.1539,37.8157,38.5002,39.1748,39.8457,40.5277,41.1851,41.8126
500,2336,1314,1,32.9529,33.2485,33.6568,34.1475,34.7070,35.3112,35.9442,36.6207,37.2977,37.9989,38.6948,39.3784,40.0803,40.7555,41.3980,42.0030
500,2432,1368,1,32.7163,33.0747,33.5417,34.0905,34.6989,35.3374,36.0301,36.7337,37.4499,38.1741,38.8817,39.6043,40.3059,40.9729,41.6004,42.1844
500,2528,1422,1,32.3512,32.7574,33.2632,33.8535,34.4930,35.1657,35.8780,36.5895,37.3230,38.0410,38.7607,39.4746,40.1551,40.7958,41.3917,41.9903
550,2560,1440,0,32.4226,32.9683,33.6077,34.3200,35.0654,35.8334,36.6142,37.3820,38.1515,38.8929,39.6369,40.3557,41.0315,41.6619,42.2523,42.8420
550,1280,720,0,45.4773,45.3655,45.4271,45.6306,45.9535,46.3768,46.8919,47.4793,48.1389,48.8539,49.6156,50.4172,51.2391,52.1061,52.9695,53.8458
550,1376,774,0,43.4729,43.4286,43.5522,43.8127,44.1892,44.6650,45.2193,45.8511,46.5378,47.2724,48.0435,48.8464,49.6704,50.5021,51.3262,52.1237
550,1472,828,0,42.1818,42.2040,42.3901,42.7098,43.1389,43.6606,44.2617,44.9227,45.6351,46.3792,47.1634,47.9558,48.7625,49.5496,50.3267,51.1197
550,1568,882,0,41.0074,41.0786,41.3080,41.6638,42.1233,42.6655,43.2763,43.9385,44.6341,45.3708,46.1153,46.8712,47.6074,48.3570,49.1030,49.8160
550,1664,936,0,40.0509,40.1700,40.4403,40.8326,41.3206,41.8838,42.5041,43.1665,43.8684,44.5837,45.3111,46.0212,46.7580,47.4834,48.1803,48.8595
550,1760,990,0,39.2077,39.3688,39.6734,40.0918,40.6018,41.1788,41.8043,42.4703,43.1592,43.8659,44.5599,45.2875,46.0057,46.7005,47.3913,48.0711
550,1856,1044,0,38.2073,38.3924,38.7162,39.1442,39.6537,40.2253,40.8376,41.4870,42.1579,42.8244,43.5245,44.2243,44.9067,45.5942,46.2716,46.9251
550,1952,1098,0,37.3951,37.6135,37.9647,38.4162,38.9414,39.5162,40.1469,40.7989,41.4581,42.1457,42.8462,43.5331,44.2285,44.9165,45.5827,46.2404
550,2048,1152,0,36.7890,37.0536,37.4443,37.9305,38.4859,39.0960,39.7425,40.4092,41.0949,41.8105,42.5158,43.2287,43.9403,44.6314,45.3183,46.0045
550,2144,1206,0,36.1265,36.4282,36.8557,37.3714,37.9494,38.5830,39.2480,39.9205,40.6434,41.3589,42.0780,42.8043,43.5117,44.2145,44.9188,45.5917
550,2240,1260,0,35.5496,35.8987,36.3651,36.9169,37.5346,38.1957,38.8759,39.5981,40.3327,41.0644,41.8147,42.5479,43.2720,44.0041,44.7046,45.3680
550,2336,1314,0,34.9853,35.3802,35.8878,36.4751,37.1272,37.8177,38.5298,39.2816,40.0266,40.7931,41.5493,42.2885,43.0454,43.7706,44.4578,45.1017
550,2432,1368,0,34.5336,34.9836,35.5421,36.1804,36.8742,37.5911,38.3599,39.1333,39.9157,40.7033,41.4703,42.2526,43.0109,43.7304,44.4051,45.0306
550,2528,1422,0,34.0315,34.5261,35.1203,35.7982,36.5210,37.2723,38.0605,38.8425,39.6457,40.4296,41.2140,41.9909,42.7301,43.4243,44.0681,44.7149
550,1280,720,1,43.1133,42.9548,42.9628,43.1060,43.3619,43.7119,44.1468,44.6476,45.2133,45.8278,46.4823,47.1701,47.8735,48.6143,49.3501,50.0961
550,1376,774,1,41.4863,41.3803,41.4339,41.6161,41.9056,42.2854,42.7354,43.2533,43.8177,44.4219,45.0553,45.7138,46.3886,47.0690,47.7437,48.3988
550,1472,828,1,40.2762,40.2206,40.3193,40.5422,40.8650,41.2708,41.7465,42.2740,42.8452,43.4431,44.0752,44.7151,45.3695,46.0116,46.6515,47.3133
550,1568,882,1,39.0677,39.0472,39.1748,39.4191,39.7580,40.1716,40.6467,41.1682,41.7208,42.3115,42.9135,43.5308,44.1388,44.7669,45.4023,46.0210
550,1664,936,1,37.9897,38.0048,38.1609,38.4298,38.7865,39.2125,39.6917,40.2119,40.7713,41.3490,41.9449,42.5355,43.1588,43.7838,44.3959,45.0044
550,1760,990,1,37.0627,37.1151,37.3022,37.5961,37.9756,38.4195,38.9119,39.4463,40.0084,40.5946,41.1798,41.8035,42.4297,43.0463,43.6697,44.2933
550,1856,1044,1,36.1109,36.1928,36.4067,36.7205,37.1135,37.5684,38.0670,38.6060,39.1725,39.7443,40.3537,40.9718,41.5832,42.2069,42.8293,43.4373
550,1952,1098,1,35.3658,35.4888,35.7401,36.0897,36.5135,36.9901,37.5249,38.0876,38.6656,39.2770,39.9079,40.5344,41.1750,41.8153,42.4413,43.0645
550,2048,1152,1,34.9004,35.0770,35.3772,35.7726,36.2393,36.7642,37.3310,37.9246,38.5437,39.1972,39.8485,40.5128,41.1814,41.8363,42.4915,43.1501
550,2144,1206,1,34.3355,34.5516,34.8916,35.3210,35.8159,36.3700,36.9617,37.5686,38.2285,38.8887,39.5581,40.2392,40.9077,41.5758,42.2489,42.8963
550,2240,1260,1,33.8971,34.1657,34.5508,35.0228,35.5636,36.1526,36.7675,37.4278,38.1060,38.7871,39.4897,40.1805,40.8662,41.5622,42.2317,42.8693
550,2336,1314,1,33.5006,33.8214,34.2549,34.7704,35.3538,35.9808,36.6352,37.3326,38.0293,38.7500,39.4646,40.1661,40.8865,41.5792,42.2383,42.8586
550,2432,1368,1,33.2321,33.6151,34.1066,34.6796,35.3113,35.9716,36.6860,37.4100,38.1460,38.8897,39.6162,40.3580,41.0784,41.7633,42.4072,43.0062
550,2528,1422,1,32.8463,33.2773,33.8079,34.4228,35.0858,35.7809,36.5151,37.2472,38.0013,38.7392,39.4786,40.2121,40.9113,41.5694,42.1812,42.7960
600,2560,1440,0,32.8858,33.4565,34.1211,34.8585,35.6276,36.4177,37.2193,38.0065,38.7950,39.5546,40.3170,41.0536,41.7459,42.3915,42.9958,43.5991
600,1280,720,0,46.7650,46.6742,46.7599,46.9901,47.3422,47.7973,48.3468,48.9711,49.6703,50.4277,51.2344,52.0837,52.9554,53.8757,54.7931,55.7246
600,1376,774,0,44.5619,44.5403,44.6898,44.9791,45.3875,45.8982,46.4905,47.1638,47.8950,48.6775,49.4994,50.3561,51.2366,52.1261,53.0080,53.8611
600,1472,828,0,43.1006,43.1498,43.3665,43.7207,44.1879,44.7516,45.3988,46.1097,46.8758,47.6767,48.5215,49.3762,50.2469,51.0964,51.9339,52.7857
600,1568,882,0,41.8564,41.9663,42.2393,42.6434,43.1561,43.7562,44.4295,45.1581,45.9229,46.7320,47.5493,48.3775,49.1819,49.9968,50.8024,51.5658
600,1664,936,0,40.7741,40.9294,41.2399,41.6765,42.2125,42.8269,43.5010,44.2189,44.9778,45.7495,46.5317,47.2926,48.0779,48.8464,49.5794,50.2880
600,1760,990,0,40.0282,40.2345,40.5886,41.0607,41.6277,42.2640,42.9501,43.6768,44.4251,45.1886,45.9341,46.7104,47.4709,48.2004,48.9195,49.6207
600,1856,1044,0,39.0644,39.2995,39.6778,40.1635,40.7331,41.3658,42.0386,42.7472,43.4743,44.1915,44.9393,45.6810,46.3982,47.1149,47.8155,48.4858
600,1952,1098,0,38.2641,38.5307,38.9330,39.4376,40.0166,40.6442,41.3269,42.0279,42.7315,43.4605,44.1983,44.9172,45.6404,46.3520,47.0369,47.7099
600,2048,1152,0,37.6379,37.9496,38.3892,38.9250,39.5294,40.1866,40.8772,41.5838,42.3054,43.0535,43.7859,44.5222,45.2531,45.9592,46.6580,47.3531
600,2144,1206,0,36.9234,37.2669,37.7372,38.2957,38.9147,39.5872,40.2881,40.9922,41.7447,42.4857,43.2270,43.9728,44.6965,45.4131,46.1291,46.8110
600,2240,1260,0,36.3485,36.7398,37.2486,37.8420,38.4993,39.1967,39.9091,40.6604,41.4205,42.1736,42.9429,43.6916,44.4284,45.1712,45.8793,46.5476
600,2336,1314,0,35.7450,36.1799,36.7275,37.3533,38.0418,38.7652,39.5062,40.2843,41.0515,41.8378,42.6109,43.3640,44.1335,44.8685,45.5627,46.2112
600,2432,1368,0,35.3138,35.8065,36.4073,37.0861,37.8171,38.5666,39.3648,40.1631,40.9666,41.7725,42.5543,43.3497,44.1186,44.8458,45.5254,46.1533
600,2528,1422,0,34.7314,35.2645,35.8967,36.6115,37.3686,38.1509,38.9678,39.7750,40.6020,41.4074,42.2118,43.0074,43.7628,44.4709,45.1261,45.7842
600,1280,720,1,44.0345,43.8943,43.9233,44.0901,44.3723,44.7513,45.2183,45.7540,46.3578,47.0135,47.7124,48.4477,49.2008,49.9952,50.7856,51.5881
600,1376,774,1,42.3595,42.2828,42.3694,42.5883,42.9184,43.3429,43.8414,44.4121,45.0330,45.6973,46.3938,47.1180,47.8602,48.6083,49.3494,50.0674
600,1472,828,1,41.0425,41.0173,41.1499,41.4100,41.7732,42.2228,42.7453,43.3221,43.9447,44.5952,45.2813,45.9745,46.6816,47.3732,48.0596,48.7656
600,1568,882,1,39.8778,39.8940,40.0623,40.3508,40.7372,41.2009,41.7285,42.3037,42.9105,43.5559,44.2108,44.8791,45.5341,46.2065,46.8824,47.5358
600,1664,936,1,38.7880,38.8414,39.0393,39.3530,39.7569,40.2318,40.7608,41.3307,41.9394,42.5646,43.2055,43.8371,44.4995,45.1595,45.8018,46.4362
600,1760,990,1,37.9182,38.0102,38.2398,38.5780,39.0034,39.4935,40.0315,40.6103,41.2148,41.8409,42.4618,43.1195,43.7759,44.4181,45.0637,45.7060
600,1856,1044,1,36.8811,36.9978,37.2485,37.6002,38.0316,38.5247,39.0603,39.6351,40.2356,40.8381,41.4774,42.1227,42.7581,43.4039,44.0459,44.6708
600,1952,1098,1,36.1492,36.3045,36.5890,36.9720,37.4286,37.9365,38.5015,39.0920,39.6948,40.3294,40.9811,41.6255,42.2821,42.9361,43.5734,44.2061
600,2048,1152,1,35.6317,35.8404,36.1735,36.6017,37.1005,37.6561,38.2515,38.8715,39.5146,40.1907,40.8615,41.5436,42.2280,42.8961,43.5629,44.2314
600,2144,1206,1,35.0406,35.2879,35.6596,36.1201,36.6447,37.2272,37.8451,38.4754,39.1578,39.8378,40.5251,41.2227,41.9055,42.5865,43.2713,43.9285
600,2240,1260,1,34.5281,34.8254,35.2393,35.7395,36.3075,36.9220,37.5601,38.2426,38.9413,39.6409,40.3615,41.0685,41.7693,42.4798,43.1623,43.8112
600,2336,1314,1,34.1407,34.4917,34.9553,35.4996,36.1103,36.7624,37.4393,38.1578,38.8729,39.6108,40.3407,41.0559,41.7891,42.4930,43.1613,43.7890
600,2432,1368,1,33.8022,34.2130,34.7321,35.3317,35.9885,36.6715,37.4075,38.1510,38.9052,39.6661,40.4084,41.1660,41.9014,42.6000,43.2563,43.8662
600,2528,1422,1,33.3329,33.7887,34.3440,34.9834,35.6698,36.3871,37.1429,37.8955,38.6701,39.4276,40.1866,40.9394,41.6568,42.3318,42.9588,43.5891
650,2560,1440,0,33.3823,33.9820,34.6755,35.4411,36.2362,37.0499,37.8726,38.6786,39.4845,40.2602,41.0382,41.7893,42.4947,43.1519,43.7666,44.3799
650,1280,720,0,48.4781,48.4054,48.5122,48.7661,49.1439,49.6261,50.2042,50.8575,51.5864,52.3731,53.2086,54.0855,54.9827,55.9266,56.8635,57.8102
650,1376,774,0,45.6777,45.6758,45.8476,46.1616,46.5971,47.1373,47.7613,48.4687,49.2363,50.0574,50.9201,51.8198,52.7451,53.6802,54.6076,55.5037
650,1472,828,0,44.0999,44.1721,44.4149,44.7981,45.2973,45.8961,46.5816,47.3339,48.1445,48.9927,49.8878,50.7943,51.7183,52.6195,53.5068,54.4063
650,1568,882,0,42.6926,42.8301,43.1342,43.5732,44.1244,44.7667,45.4859,46.2638,47.0807,47.9452,48.8191,49.7048,50.5645,51.4336,52.2900,53.0972
650,1664,936,0,41.5831,41.7782,42.1331,42.6190,43.2088,43.8814,44.6171,45.3996,46.2255,47.0642,47.9123,48.7345,49.5784,50.3985,51.1740,51.9161
650,1760,990,0,40.7175,40.9618,41.3580,41.8760,42.4926,43.1815,43.9219,44.7043,45.5078,46.3251,47.1201,47.9434,48.7450,49.5083,50.2546,50.9761
650,1856,1044,0,39.8150,40.0944,40.5211,41.0587,41.6829,42.3719,43.1011,43.8653,44.6458,45.4117,46.2052,46.9869,47.7371,48.4811,49.2025,49.8871
650,1952,1098,0,39.0589,39.3756,39.8319,40.3937,41.0312,41.7170,42.4577,43.2132,43.9665,44.7414,45.5198,46.2722,47.0237,47.7574,48.4584,49.1424
650,2048,1152,0,38.4418,38.8005,39.2897,39.8766,40.5317,41.2384,41.9757,42.7249,43.4847,44.2673,45.0286,45.7892,46.5399,47.2610,47.9709,48.6738
650,2144,1206,0,37.7013,38.0907,38.6090,39.2154,39.8807,40.5973,41.3384,42.0774,42.8620,43.6297,44.3933,45.1576,45.8954,46.6229,47.3470,48.0336
650,2240,1260,0,37.0685,37.5001,38.0500,38.6838,39.3799,40.1132,40.8574,41.6378,42.4232,43.1981,43.9867,44.7514,45.5017,46.2561,46.9731,47.6475
650,2336,1314,0,36.4820,36.9585,37.5479,38.2141,38.9405,39.6980,40.4685,41.2727,42.0613,42.8662,43.6543,44.4193,45.1988,45.9407,46.6390,47.2888
650,2432,1368,0,36.0173,36.5498,37.1902,37.9070,38.6731,39.4532,40.2791,41.1006,41.9239,42.7466,43.5420,44.3492,45.1271,45.8604,46.5433,47.1717
650,2528,1422,0,35.4628,36.0393,36.7143,37.4705,38.2653,39.0807,39.9267,40.7582,41.6065,42.4293,43.2485,44.0561,44.8202,45.5337,46.1915,46.8508
650,1280,720,1,45.0117,44.8879,44.9357,45.1235,45.4292,45.8338,46.3289,46.8952,47.5323,48.2239,48.9614,49.7380,50.5348,51.3762,52.2149,53.0674
650,1376,774,1,43.2213,43.1671,43.2793,43.5269,43.8890,44.3489,44.8861,45.4993,46.1660,46.8795,47.6283,48.4079,49.2080,50.0155,50.8158,51.5909
650,1472,828,1,41.8972,41.9050,42.0746,42.3758,42.7842,43.2832,43.8593,44.4933,45.1766,45.8901,46.6418,47.4011,48.1742,48.9288,49.6748,50.4377
650,1568,882,1,40.6159,40.6660,40.8717,41.2011,41.6317,42.1427,42.7200,43.3469,44.0060,44.7047,45.4116,46.1303,46.8316,47.5477,48.2630,48.9497
650,1664,936,1,39.5129,39.6022,39.8395,40.1958,40.6453,41.1679,41.7460,42.3656,43.0243,43.6978,44.3852,45.0591,45.7619,46.4580,47.1308,47.7909
650,1760,990,1,38.6446,38.7734,39.0427,39.4231,39.8926,40.4277,41.0108,41.6342,42.2817,42.9487,43.6066,44.2997,44.9876,45.6569,46.3263,46.9888
650,1856,1044,1,37.6473,37.8019,38.0929,38.4864,38.9602,39.4956,40.0721,40.6865,41.3240,41.9598,42.6305,43.3038,43.9630,44.6298,45.2895,45.9284
650,1952,1098,1,36.8545,37.0436,37.3636,37.7829,38.2757,38.8188,39.4183,40.0410,40.6734,41.3358,42.0132,42.6801,43.3574,44.0298,44.6828,45.3294
650,2048,1152,1,36.3216,36.5613,36.9258,37.3854,37.9143,38.4986,39.1205,39.7642,40.4285,41.1239,41.8111,42.5075,43.2040,43.8819,44.5570,45.2323
650,2144,1206,1,35.7258,36.0061,36.4115,36.9053,37.4618,38.0746,38.7203,39.3753,40.0812,40.7816,41.4869,42.2006,42.8969,43.5896,44.2845,44.9495
650,2240,1260,1,35.1761,35.5045,35.9495,36.4800,37.0769,37.7183,38.3804,39.0853,39.8040,40.5213,41.2581,41.9792,42.6925,43.4143,44.1060,44.7622
650,2336,1314,1,34.6894,35.0670,35.5569,36.1268,36.7618,37.4362,38.1333,38.8708,39.6028,40.3567,41.1014,41.8301,42.5766,43.2926,43.9717,44.6088
650,2432,1368,1,34.3590,34.7982,35.3455,35.9723,36.6546,37.3605,38.1180,38.8805,39.6520,40.4288,41.1852,41.9563,42.7038,43.4128,44.0776,44.6940
650,2528,1422,1,33.8895,34.3743,34.9582,35.6254,36.3375,37.0782,37.8557,38.6274,39.4202,40.1941,40.9685,41.7357,42.4659,43.1520,43.7886,44.4283
700,2560,1440,0,33.8925,34.5223,35.2460,36.0409,36.8628,37.7004,38.5442,39.3684,40.1908,40.9810,41.7727,42.5359,43.2514,43.9168,44.5378,45.1570
700,1280,720,0,50.3987,50.3422,50.4679,50.7428,51.1433,51.6492,52.2517,52.9291,53.6815,54.4903,55.3455,56.2388,57.1480,58.0991,59.0360,59.9749
700,1376,774,0,46.7464,46.7644,46.9586,47.2976,47.7604,48.3303,48.9863,49.7285,50.5333,51.3943,52.2995,53.2445,54.2172,55.2013,56.1776,57.1203
700,1472,828,0,44.9975,45.0888,45.3532,45.7602,46.2857,46.9132,47.6301,48.4162,49.2634,50.1504,51.0875,52.0375,53.0067,53.9525,54.8830,55.8242
700,1568,882,0,43.5121,43.6732,44.0041,44.4730,45.0572,45.7357,46.4943,47.3146,48.1766,49.0894,50.0129,50.9493,51.8582,52.7757,53.6772,54.5229
700,1664,936,0,42.3043,42.5292,42.9179,43.4416,44.0731,44.7914,45.5766,46.4118,47.2937,48.1898,49.0959,49.9737,50.8723,51.7421,52.5597,53.3360
700,1760,990,0,41.4534,41.7371,42.1772,42.7438,43.4134,44.1589,44.9588,45.8027,46.6681,47.5463,48.3979,49.2754,50.1243,50.9264,51.7034,52.4470
700,1856,1044,0,40.4938,40.8147,41.2871,41.8742,42.5509,43.2945,44.0788,44.8979,45.7311,46.5449,47.3830,48.2029,48.9834,49.7511,50.4888,51.1826
700,1952,1098,0,39.7536,40.1132,40.6165,41.2281,41.9175,42.6553,43.4484,44.2538,45.0529,45.8703,46.6864,47.4701,48.2474,49.0012,49.7163,50.4096
700,2048,1152,0,39.1598,39.5666,40.1073,40.7481,41.4577,42.2181,43.0066,43.8028,44.6049,45.4253,46.2176,47.0035,47.7736,48.5082,49.2268,49.9342
700,2144,1206,0,38.4409,38.8757,39.4417,40.0965,40.8093,41.5714,42.3543,43.1300,43.9484,44.7442,45.5312,46.3147,47.0671,47.8054,48.5372,49.2277
700,2240,1260,0,37.7976,38.2751,38.8722,39.5529,40.2940,41.0688,41.8492,42.6621,43.4750,44.2723,45.0796,45.8585,46.6195,47.3817,48.1030,48.7786
700,2336,1314,0,37.1331,37.6472,38.2747,38.9781,39.7397,40.5291,41.3275,42.1566,42.9663,43.7897,44.5935,45.3715,46.1625,46.9133,47.6181,48.2721
700,2432,1368,0,36.6868,37.2595,37.9399,38.6952,39.4968,40.3075,41.1603,42.0038,42.8452,43.6827,44.4895,45.3062,46.0908,46.8282,47.5126,48.1402
700,2528,1422,0,36.1475,36.7650,37.4805,38.2760,39.1064,39.9530,40.8266,41.6805,42.5484,43.3871,44.2197,45.0381,45.8096,46.5273,47.1863,47.8456
700,1280,720,1,46.0160,45.9077,45.9732,46.1808,46.5081,46.9365,47.4574,48.0513,48.7184,49.4421,50.2137,51.0267,51.8616,52.7438,53.6241,54.5196
700,1376,774,1,44.0035,43.9651,44.0953,44.3632,44.7479,45.2328,45.7972,46.4403,47.1394,47.8879,48.6742,49.4938,50.3362,51.1875,52.0323,52.8508
700,1472,828,1,42.6120,42.6419,42.8366,43.1659,43.6056,44.1391,44.7533,45.4285,46.1564,46.9172,47.7194,48.5307,49.3574,50.1645,50.9617,51.7750
700,1568,882,1,41.3087,41.3887,41.6278,41.9943,42.4653,43.0199,43.6438,44.3199,45.0298,45.7813,46.5406,47.3111,48.0612,48.8240,49.5824,50.3060
700,1664,936,1,40.2483,40.3751,40.6537,41.0550,41.5527,42.1261,42.7568,43.4297,44.1422,44.8680,45.6052,46.3242,47.0695,47.8024,48.5054,49.1895
700,1760,990,1,39.3484,39.5156,39.8267,40.2522,40.7696,41.3542,41.9874,42.6611,43.3574,44.0712,44.7715,45.5052,46.2287,46.9279,47.6225,48.3052
700,1856,1044,1,38.3656,38.5583,38.8902,39.3266,39.8445,40.4243,41.0445,41.7012,42.3788,43.0510,43.7561,44.4600,45.1453,45.8350,46.5137,47.1677
700,1952,1098,1,37.5645,37.7910,38.1503,38.6101,39.1433,39.7257,40.3635,41.0218,41.6861,42.3782,43.0821,43.7715,44.4684,45.1572,45.8233,46.4804
700,2048,1152,1,36.9546,37.2269,37.6253,38.1192,38.6818,39.2986,39.9510,40.6227,41.3126,42.0316,42.7393,43.4540,44.1667,44.8583,45.5451,46.2307
700,2144,1206,1,36.3527,36.6636,37.1002,37.6244,38.2101,38.8502,39.5207,40.1974,40.9234,41.6408,42.3608,43.0872,43.7940,44.4954,45.1976,45.8680
700,2240,1260,1,35.8285,36.1906,36.6695,37.2331,37.8617,38.5321,39.2201,39.9486,40.6882,41.4233,42.1761,42.9104,43.6347,44.3660,45.0646,45.7254
700,2336,1314,1,35.2746,35.6824,36.2024,36.8012,37.4636,38.1628,38.8819,39.6394,40.3885,41.1580,41.9161,42.6561,43.4132,44.1376,44.8233,45.4651
700,2432,1368,1,34.9101,35.3781,35.9538,36.6079,37.3155,38.0436,38.8217,39.6021,40.3894,41.1803,41.9491,42.7320,43.4898,44.2077,44.8797,45.5017
700,2528,1422,1,34.4118,34.9250,35.5371,36.2318,36.9696,37.7337,38.5329,39.3239,40.1350,40.9253,41.7150,42.4963,43.2385,43.9345,44.5790,45.2264
750,2560,1440,0,34.3826,35.0424,35.7962,36.6201,37.4684,38.3292,39.1932,40.0345,40.8723,41.6759,42.4804,43.2550,43.9801,44.6535,45.2810,45.9061
750,1280,720,0,52.4669,52.4298,52.5778,52.8773,53.3038,53.8368,54.4669,55.1716,55.9503,56.7838,57.6606,58.5714,59.4926,60.4490,61.3816,62.3057
750,1376,774,0,48.2450,48.2810,48.4958,48.8573,49.3443,49.9396,50.6213,51.3897,52.2203,53.1061,54.0347,55.0010,55.9921,56.9902,57.9751,58.9192
750,1472,828,0,46.0474,46.1599,46.4479,46.8811,47.4352,48.0937,48.8441,49.6662,50.5519,51.4796,52.4600,53.4545,54.4692,55.4590,56.4308,57.4102
750,1568,882,0,44.4094,44.5936,44.9505,45.4483,46.0645,46.7780,47.5746,48.4361,49.3417,50.3012,51.2727,52.2578,53.2135,54.1761,55.1183,55.9967
750,1664,936,0,43.0825,43.3338,43.7525,44.3097,44.9784,45.7374,46.5665,47.4486,48.3806,49.3283,50.2869,51.2150,52.1635,53.0784,53.9337,54.7398
750,1760,990,0,42.1227,42.4404,42.9188,43.5283,44.2452,45.0422,45.8971,46.7990,47.7239,48.6621,49.5705,50.5033,51.4012,52.2436,53.0524,53.8184
750,1856,1044,0,41.1551,41.5129,42.0265,42.6587,43.3841,44.1792,45.0164,45.8893,46.7754,47.6386,48.5238,49.3852,50.2001,50.9958,51.7542,52.4612
750,1952,1098,0,40.4435,40.8491,41.4028,42.0688,42.8148,43.6101,44.4610,45.3213,46.1704,47.0333,47.8883,48.7023,49.5026,50.2714,50.9938,51.6882
750,2048,1152,0,39.8182,40.2670,40.8532,41.5417,42.3003,43.1094,43.9446,44.7839,45.6248,46.4800,47.3006,48.1093,48.8965,49.6424,50.3674,51.0770
750,2144,1206,0,39.1163,39.5984,40.2149,40.9217,41.6859,42.4979,43.3268,44.1428,44.9980,45.8237,46.6349,47.4373,48.2028,48.9497,49.6860,50.3767
750,2240,1260,0,38.4874,39.0093,39.6527,40.3798,41.1658,41.9822,42.7994,43.6451,44.4858,45.3056,46.1315,46.9243,47.6952,48.4643,49.1888,49.8642
750,2336,1314,0,37.8175,38.3763,39.0496,39.7977,40.6018,41.4293,42.2605,43.1181,43.9505,44.7929,45.6112,46.3997,47.1987,47.9540,48.6600,49.3122
750,2432,1368,0,37.2933,37.9030,38.6210,39.4127,40.2481,41.0885,41.9681,42.8341,43.6946,44.5483,45.3684,46.1966,46.9904,47.7343,48.4229,49.0522
750,2528,1422,0,36.7647,37.4214,38.1759,39.0089,39.8732,40.7490,41.6476,42.5216,43.4064,44.2584,45.1018,45.9288,46.7060,47.4266,48.0861,48.7446
750,1280,720,1,47.0756,46.9839,47.0684,47.2972,47.6479,48.1017,48.6503,49.2738,49.9728,50.7304,51.5380,52.3889,53.2631,54.1870,55.1093,56.0473
750,1376,774,1,44.8656,44.8437,44.9927,45.2816,45.6896,46.2001,46.7925,47.4663,48.1986,48.9830,49.8077,50.6684,51.5543,52.4508,53.3415,54.2048
750,1472,828,1,43.3994,43.4509,43.6701,44.0269,44.4972,45.0645,45.7157,46.4312,47.2026,48.0097,48.8615,49.7241,50.6037,51.4627,52.3104,53.1733
750,1568,882,1,42.0505,42.1616,42.4357,42.8410,43.3548,43.9562,44.6307,45.3607,46.1271,46.9379,47.7571,48.5874,49.3942,50.2117,51.0203,51.7867
750,1664,936,1,40.8629,41.0190,41.3303,41.7675,42.3039,42.9188,43.5932,44.3114,45.0703,45.8420,46.6241,47.3848,48.1698,48.9379,49.6706,50.3790
750,1760,990,1,40.0289,40.2328,40.5842,41.0531,41.6166,42.2493,42.9314,43.6542,44.3984,45.1582,45.9003,46.6734,47.4313,48.1589,48.8767,49.5773
750,1856,1044,1,39.0314,39.2632,39.6376,40.1193,40.6844,41.3124,41.9805,42.6842,43.4065,44.1193,44.8628,45.6005,46.3142,47.0280,47.7261,48.3944
750,1952,1098,1,38.2357,38.4995,38.8986,39.3997,39.9749,40.5984,41.2768,41.9733,42.6724,43.3969,44.1301,44.8444,45.5633,46.2705,46.9513,47.6203
750,2048,1152,1,37.6299,37.9401,38.3780,38.9119,39.5140,40.1688,40.8568,41.5606,42.2793,43.0242,43.7536,44.4866,45.2143,45.9174,46.6132,47.3053
750,2144,1206,1,36.9305,37.2728,37.7418,38.2985,38.9156,39.5858,40.2840,40.9853,41.7347,42.4725,43.2105,43.9530,44.6733,45.3866,46.0992,46.7779
750,2240,1260,1,36.4082,36.8006,37.3101,37.9035,38.5603,39.2565,39.9671,40.7161,41.4733,42.2232,42.9889,43.7338,44.4666,45.2052,45.9091,46.5732
750,2336,1314,1,35.8617,36.3012,36.8530,37.4824,38.1735,38.8986,39.6404,40.4182,41.1844,41.9690,42.7398,43.4900,44.2561,44.9873,45.6774,46.3216
750,2432,1368,1,35.4412,35.9383,36.5429,37.2247,37.9578,38.7084,39.5068,40.3046,41.1069,41.9109,42.6906,43.4835,44.2496,44.9737,45.6503,46.2750
750,2528,1422,1,34.9451,35.4881,36.1294,36.8524,37.6160,38.4030,39.2231,40.0319,40.8594,41.6639,42.4666,43.2595,44.0114,44.7154,45.3661,46.0193
800,2560,1440,0,34.8718,35.5632,36.3487,37.2033,38.0795,38.9645,39.8493,40.7077,41.5604,42.3765,43.1921,43.9763,44.7089,45.3879,46.0194,46.6478
800,1280,720,0,55.3447,55.3304,55.5046,55.8320,56.2865,56.8462,57.5001,58.2236,59.0144,59.8508,60.7189,61.6063,62.4875,63.3836,64.2332,65.0513
800,1376,774,0,49.6463,49.6975,49.9293,50.3094,50.8163,51.4325,52.1356,52.9259,53.7781,54.6850,55.6333,56.6175,57.6237,58.6326,59.6231,60.5656
800,1472,828,0,47.0124,47.1426,47.4505,47.9057,48.4836,49.1679,49.9460,50.7975,51.7145,52.6750,53.6901,54.7201,55.7707,56.7947,57.7981,58.8059
800,1568,882,0,45.2415,45.4438,45.8210,46.3412,46.9820,47.7220,48.5475,49.4401,50.3788,51.3739,52.3825,53.4058,54.3986,55.3978,56.3734,57.2791
800,1664,936,0,43.8599,44.1332,44.5765,45.1612,45.8601,46.6519,47.5164,48.4363,49.4084,50.3975,51.3980,52.3663,53.3541,54.3041,55.1879,56.0150
800,1760,990,0,42.8072,43.1519,43.6610,44.3047,45.0597,45.8982,46.7978,47.7474,48.7219,49.7107,50.6679,51.6491,52.5906,53.4694,54.3075,55.0942
800,1856,1044,0,41.8195,42.2171,42.7756,43.4573,44.2366,45.0893,45.9864,46.9206,47.8674,48.7872,49.7261,50.6343,51.4865,52.3106,53.0876,53.8034
800,1952,1098,0,41.0172,41.4571,42.0489,42.7562,43.5463,44.3870,45.2849,46.1909,47.0830,47.9863,48.8773,49.7208,50.5449,51.3313,52.0649,52.7651
800,2048,1152,0,40.4793,40.9749,41.6120,42.3549,43.1694,44.0347,44.9238,45.8128,46.6979,47.5916,48.4421,49.2733,50.0752,50.8282,51.5541,52.2589
800,2144,1206,0,39.7280,40.2522,40.9143,41.6686,42.4805,43.3393,44.2120,45.0668,45.9576,46.8127,47.6475,48.4681,49.2460,50.0005,50.7402,51.4300
800,2240,1260,0,39.1198,39.6879,40.3800,41.1567,41.9916,42.8538,43.7115,44.5934,45.4643,46.3081,47.1532,47.9595,48.7392,49.5133,50.2385,50.9110
800,2336,1314,0,38.4581,39.0598,39.7771,40.5688,41.4143,42.2793,43.1427,44.0283,44.8829,45.7436,46.5756,47.3739,48.1798,48.9384,49.6447,50.2942
800,2432,1368,0,37.9469,38.6013,39.3648,40.2010,41.0775,41.9534,42.8640,43.7548,44.6350,45.5040,46.3350,47.1712,47.9695,48.7145,49.4011,50.0259
800,2528,1422,0,37.3417,38.0350,38.8263,39.6953,40.5926,41.4974,42.4213,43.3159,44.2188,45.0854,45.9413,46.7786,47.5633,48.2887,48.9504,49.6099
800,1280,720,1,48.2393,48.1605,48.2598,48.5052,48.8739,49.3470,49.9159,50.5606,51.2814,52.0614,52.8915,53.7649,54.6610,55.6066,56.5487,57.5047
800,1376,774,1,45.6576,45.6506,45.8164,46.1240,46.5527,47.0860,47.7032,48.4042,49.1660,49.9822,50.8413,51.7390,52.6643,53.6020,54.5348,55.4397
800,1472,828,1,44.0664,44.1325,44.3684,44.7439,45.2349,45.8250,46.5016,47.2448,48.0465,48.8861,49.7733,50.6731,51.5918,52.4899,53.3766,54.2784
800,1568,882,1,42.6968,42.8287,43.1265,43.5584,44.1019,44.7360,45.4463,46.2151,47.0229,47.8781,48.7432,49.6206,50.4733,51.3364,52.1883,52.9930
800,1664,936,1,41.5280,41.7131,42.0568,42.5299,43.1055,43.7627,44.4819,45.2470,46.0547,46.8753,47.7056,48.5114,49.3399,50.1470,50.9124,51.6474
800,1760,990,1,40.6400,40.8764,41.2636,41.7716,42.3772,43.0541,43.7820,44.5512,45.3413,46.1454,46.9279,47.7391,48.5299,49.2842,50.0231,50.7390
800,1856,1044,1,39.6221,39.8879,40.2995,40.8209,41.4279,42.0991,42.8103,43.5568,44.3203,45.0706,45.8496,46.6188,47.3589,48.0950,48.8107,49.4920
800,1952,1098,1,38.8554,39.1568,39.5964,40.1402,40.7591,41.4260,42.1477,42.8849,43.6213,44.3805,45.1448,45.8853,46.6267,47.3524,48.0476,48.7276
800,2048,1152,1,38.2443,38.5898,39.0648,39.6367,40.2766,40.9680,41.6904,42.4255,43.1721,43.9422,44.6924,45.4430,46.1848,46.8984,47.6018,48.2991
800,2144,1206,1,37.5459,37.9248,38.4318,39.0266,39.6805,40.3858,41.1161,41.8453,42.6205,43.3799,44.1361,44.8938,45.6260,46.3486,47.0684,47.7516
800,2240,1260,1,36.9345,37.3566,37.8963,38.5198,39.2054,39.9286,40.6632,41.4345,42.2114,42.9785,43.7597,44.5179,45.2622,46.0111,46.7232,47.3936
800,2336,1314,1,36.4138,36.8841,37.4667,38.1257,38.8446,39.5945,40.3576,41.1543,41.9358,42.7335,43.5148,44.2734,45.0465,45.7825,46.4754,47.1205
800,2432,1368,1,35.9825,36.5105,37.1458,37.8570,38.6172,39.3913,40.2108,41.0261,41.8432,42.6597,43.4492,44.2504,45.0227,45.7508,46.4290,47.0534
800,2528,1422,1,35.4598,36.0333,36.7047,37.4568,38.2470,39.0575,39.8985,40.7249,41.5681,42.3859,43.2002,44.0031,44.7628,45.4723,46.1266,46.7827
850,2560,1440,0,35.3587,36.0826,36.9008,37.7873,38.6921,39.6021,40.5077,41.3831,42.2502,43.0779,43.9037,44.6961,45.4347,46.1174,46.7507,47.3800
850,1280,720,0,58.6116,58.6062,58.7898,59.1248,59.5827,60.1396,60.7816,61.4811,62.2327,63.0126,63.8030,64.5889,65.3463,66.0920,66.7698,67.3997
850,1376,774,0,51.5854,51.6564,51.9106,52.3149,52.8471,53.4890,54.2171,55.0309,55.9040,56.8280,57.7880,58.7772,59.7801,60.7746,61.7389,62.6411
850,1472,828,0,48.4125,48.5625,48.8927,49.3720,49.9754,50.6859,51.4907,52.3684,53.3107,54.2945,55.3308,56.3779,57.4411,58.4706,59.4714,60.4676
850,1568,882,0,46.2028,46.4266,46.8278,47.3744,48.0441,48.8155,49.6748,50.6036,51.5806,52.6168,53.6675,54.7336,55.7671,56.8048,57.8134,58.7430
850,1664,936,0,44.6151,44.9104,45.3786,45.9909,46.7205,47.5460,48.4471,49.4065,50.4211,51.4545,52.5004,53.5125,54.5432,55.5311,56.4450,57.2929
850,1760,990,0,43.5317,43.9007,44.4370,45.1109,45.8990,46.7734,47.7113,48.7015,49.7180,50.7494,51.7472,52.7681,53.7446,54.6513,55.5097,56.3083
850,1856,1044,0,42.4442,42.8720,43.4646,44.1843,45.0051,45.9027,46.8473,47.8310,48.8280,49.7958,50.7817,51.7316,52.6183,53.4695,54.2650,54.9905
850,1952,1098,0,41.6638,42.1438,42.7804,43.5368,44.3793,45.2744,46.2283,47.1891,48.1322,49.0827,50.0147,50.8904,51.7386,52.5402,53.2804,53.9800
850,2048,1152,0,41.0165,41.5460,42.2208,43.0042,43.8614,44.7702,45.7025,46.6323,47.5552,48.4830,49.3617,50.2154,51.0340,51.7977,52.5293,53.2354
850,2144,1206,0,40.3673,40.9380,41.6507,42.4579,43.3232,44.2344,45.1557,46.0530,46.9818,47.8667,48.7239,49.5599,50.3461,51.1029,51.8396,52.5215
850,2240,1260,0,39.6988,40.3096,41.0475,41.8714,42.7532,43.6597,44.5571,45.4745,46.3751,47.2423,48.1055,48.9240,49.7109,50.4881,51.2119,51.8791
850,2336,1314,0,39.0503,39.6943,40.4560,41.2920,42.1805,43.0845,43.9818,44.8968,45.7747,46.6543,47.5005,48.3084,49.1210,49.8825,50.5883,51.2345
850,2432,1368,0,38.5418,39.2377,40.0440,40.9222,41.8380,42.7482,43.6887,44.6036,45.5030,46.3869,47.2284,48.0722,48.8745,49.6202,50.3046,50.9247
850,2528,1422,0,37.9770,38.7140,39.5495,40.4616,41.3980,42.3361,43.2880,44.2042,45.1241,46.0029,46.8674,47.7100,48.4963,49.2199,49.8770,50.5301
850,1280,720,1,49.4810,49.4166,49.5328,49.7970,50.1862,50.6808,51.2722,51.9397,52.6836,53.4862,54.3382,55.2321,56.1466,57.1085,58.0629,59.0269
850,1376,774,1,46.6327,46.6421,46.8264,47.1546,47.6059,48.1638,48.8073,49.5368,50.3287,51.1769,52.0696,53.0026,53.9644,54.9391,55.9082,56.8468
850,1472,828,1,44.8890,44.9714,45.2257,45.6218,46.1355,46.7506,47.4544,48.2272,49.0607,49.9343,50.8581,51.7959,52.7540,53.6909,54.6152,55.5534
850,1568,882,1,43.4167,43.5705,43.8931,44.3528,44.9272,45.5951,46.3425,47.1514,48.0017,48.9027,49.8149,50.7405,51.6400,52.5492,53.4442,54.2859
850,1664,936,1,42.1587,42.3719,42.7473,43.2558,43.8706,44.5706,45.3361,46.1504,47.0101,47.8837,48.7674,49.6238,50.5018,51.3533,52.1561,52.9211
850,1760,990,1,41.1900,41.4540,41.8720,42.4139,43.0564,43.7728,44.5421,45.3543,46.1879,47.0350,47.8579,48.7082,49.5340,50.3179,51.0815,51.8167
850,1856,1044,1,40.2596,40.5625,41.0148,41.5800,42.2333,42.9524,43.7117,44.5056,45.3145,46.1060,46.9234,47.7254,48.4919,49.2487,49.9792,50.6692
850,1952,1098,1,39.4235,39.7611,40.2402,40.8260,41.4885,42.1993,42.9650,43.7443,44.5193,45.3144,46.1107,46.8780,47.6419,48.3854,49.0934,49.7824
850,2048,1152,1,38.8231,39.2049,39.7185,40.3306,41.0109,41.7421,42.5023,43.2722,44.0503,44.8489,45.6229,46.3937,47.1519,47.8779,48.5908,49.2949
850,2144,1206,1,38.1144,38.5277,39.0707,39.7017,40.3908,41.1296,41.8904,42.6461,43.4454,44.2244,44.9967,45.7672,46.5089,47.2381,47.9622,48.6471
850,2240,1260,1,37.5022,37.9596,38.5358,39.1952,39.9156,40.6707,41.4336,42.2302,43.0289,43.8141,44.6109,45.3813,46.1353,46.8919,47.6092,48.2823
850,2336,1314,1,36.8887,37.3863,37.9965,38.6824,39.4270,40.2002,40.9839,41.7993,42.5967,43.4088,44.2026,44.9717,45.7545,46.4984,47.1976,47.8473
850,2432,1368,1,36.5053,37.0646,37.7311,38.4722,39.2597,40.0574,40.8975,41.7294,42.5601,43.3874,44.1851,44.9929,45.7695,46.4999,47.1785,47.8014
850,2528,1422,1,35.9708,36.5750,37.2768,38.0582,38.8750,39.7088,40.5702,41.4132,42.2710,43.1005,43.9247,44.7355,45.5007,46.2133,46.8684,47.5244
900,2560,1440,0,35.8515,36.6104,37.4640,38.3847,39.3204,40.2567,41.1839,42.0761,42.9568,43.7949,44.6291,45.4277,46.1702,46.8544,47.4873,48.1152
900,1280,720,0,62.4902,62.4448,62.5791,62.8531,63.2350,63.7004,64.2323,64.8024,65.4026,66.0125,66.6145,67.1960,67.7430,68.2708,68.7361,69.1663
900,1376,774,0,53.7378,53.8334,54.1149,54.5477,55.1086,55.7780,56.5306,57.3650,58.2524,59.1830,60.1392,61.1124,62.0845,63.0303,63.9281,64.7451
900,1472,828,0,49.7081,49.8731,50.2199,50.7171,51.3392,52.0690,52.8932,53.7899,54.7504,55.7506,56.8013,57.8591,58.9286,59.9581,60.9515,61.9318
900,1568,882,0,47.0518,47.2919,47.7114,48.2781,48.9696,49.7645,50.6491,51.6050,52.6107,53.6775,54.7597,55.8578,56.9219,57.9883,59.0211,59.9670
900,1664,936,0,45.4195,45.7331,46.2215,46.8561,47.6098,48.4612,49.3901,50.3789,51.4247,52.4901,53.5684,54.6113,55.6715,56.6846,57.6172,58.4764
900,1760,990,0,44.3029,44.6954,45.2581,45.9612,46.7815,47.6907,48.6656,49.6950,50.7518,51.8239,52.8600,53.9175,54.9249,55.8547,56.7277,57.5313
900,1856,1044,0,43.0958,43.5502,44.1728,44.9258,45.7831,46.7201,47.7062,48.7335,49.7744,50.7844,51.8113,52.7977,53.7140,54.5879,55.3979,56.1293
900,1952,1098,0,42.2463,42.7612,43.4373,44.2376,45.1279,46.0734,47.0808,48.0949,49.0891,50.0880,51.0628,51.9729,52.8470,53.6651,54.4125,55.1114
900,2048,1152,0,41.6343,42.2048,42.9250,43.7579,44.6672,45.6296,46.6148,47.5945,48.5628,49.5308,50.4412,51.3187,52.1528,52.9234,53.6550,54.3550
900,2144,1206,0,40.8906,41.4987,42.2525,43.1035,44.0135,44.9692,45.9325,46.8670,47.8296,48.7415,49.6192,50.4697,51.2639,52.0236,52.7587,53.4345
900,2240,1260,0,40.2997,40.9553,41.7415,42.6153,43.5469,44.5005,45.4396,46.3939,47.3245,48.2142,49.0939,49.9218,50.7124,51.4883,52.2060,52.8630
900,2336,1314,0,39.6214,40.3120,41.1231,42.0094,42.9470,43.8959,44.8322,45.7806,46.6843,47.5838,48.4435,49.2592,50.0751,50.8352,51.5353,52.1724
900,2432,1368,0,39.0988,39.8350,40.6832,41.6031,42.5582,43.5027,44.4735,45.4126,46.3311,47.2298,48.0816,48.9327,49.7388,50.4851,51.1672,51.7826
900,2528,1422,0,38.5379,39.3165,40.1942,41.1480,42.1223,43.0931,44.0725,45.0097,45.9461,46.8367,47.7095,48.5571,49.3450,50.0671,50.7202,51.3673
900,1280,720,1,50.8909,50.8408,50.9738,51.2570,51.6667,52.1829,52.7967,53.4866,54.2527,55.0763,55.9475,56.8579,57.7851,58.7553,59.7113,60.6694
900,1376,774,1,47.5801,47.6044,47.8056,48.1523,48.6238,49.2035,49.8701,50.6240,51.4415,52.3162,53.2360,54.1967,55.1863,56.1878,57.1822,58.1426
900,1472,828,1,45.6082,45.7060,45.9776,46.3930,46.9281,47.5668,48.2966,49.0976,49.9620,50.8688,51.8287,52.8044,53.8024,54.7794,55.7431,56.7204
900,1568,882,1,44.0334,44.2025,44.5424,45.0214,45.6173,46.3090,47.0824,47.9197,48.8005,49.7346,50.6815,51.6433,52.5786,53.5242,54.4540,55.3266
900,1664,936,1,42.7473,42.9807,43.3790,43.9134,44.5571,45.2888,46.0888,46.9404,47.8402,48.7555,49.6820,50.5802,51.5002,52.3907,53.2274,54.0209
900,1760,990,1,41.8428,42.1383,42.5917,43.1728,43.8584,44.6212,45.4394,46.3027,47.1880,48.0865,48.9574,49.8541,50.7204,51.5375,52.3272,53.0809
900,1856,1044,1,40.7735,41.1053,41.5895,42.1894,42.8797,43.6374,44.4359,45.2693,46.1164,46.9430,47.7932,48.6237,49.4133,50.1885,50.9322,51.6304
900,1952,1098,1,40.0070,40.3797,40.8971,41.5237,42.2285,42.9817,43.7901,44.6099,45.4219,46.2512,47.0776,47.8694,48.6532,49.4118,50.1299,50.8250
900,2048,1152,1,39.3726,39.7917,40.3456,41.0000,41.7234,42.4974,43.2988,44.1066,44.9190,45.7484,46.5478,47.3393,48.1135,48.8506,49.5705,50.2780
900,2144,1206,1,38.6638,39.1119,39.6919,40.3606,41.0869,41.8618,42.6559,43.4411,44.2677,45.0697,45.8613,46.6479,47.4019,48.1407,48.8718,49.5608
900,2240,1260,1,38.0526,38.5453,39.1578,39.8535,40.6086,41.3957,42.1864,43.0076,43.8268,44.6282,45.4380,46.2177,46.9780,47.7385,48.4569,49.1286
900,2336,1314,1,37.4050,37.9356,38.5795,39.2985,40.0745,40.8763,41.6848,42.5222,43.3379,44.1659,44.9725,45.7520,46.5435,47.2937,47.9969,48.6484
900,2432,1368,1,36.9337,37.5183,38.2103,38.9763,39.7871,40.6053,41.4642,42.3123,43.1571,43.9971,44.8056,45.6234,46.4087,47.1461,47.8302,48.4570
900,2528,1422,1,36.4910,37.1283,37.8628,38.6756,39.5206,40.3785,41.2603,42.1194,42.9903,43.8298,44.6616,45.4779,46.2459,46.9590,47.6126,48.2658
950,2560,1440,0,36.2926,37.0823,37.9671,38.9184,39.8814,40.8411,41.7876,42.6950,43.5882,44.4360,45.2783,46.0831,46.8299,47.5163,48.1497,48.7773
950,1280,720,0,65.7652,65.6175,65.6323,65.7703,65.9997,66.3002,66.6553,67.0414,67.4512,67.8726,68.2915,68.6984,69.0874,69.4718,69.8146,70.1439
950,1376,774,0,56.1084,56.2185,56.5150,56.9618,57.5346,58.2122,58.9677,59.7977,60.6716,61.5770,62.4936,63.4107,64.3081,65.1580,65.9431,66.6313
950,1472,828,0,51.4800,51.6663,52.0366,52.5586,53.2059,53.9605,54.8078,55.7247,56.7012,57.7111,58.7643,59.8145,60.8648,61.8613,62.8064,63.7222
950,1568,882,0,48.1992,48.4558,48.8935,49.4797,50.1914,51.0071,51.9125,52.8888,53.9137,54.9987,56.0961,57.2062,58.2766,59.3437,60.3693,61.2984
950,1664,936,0,46.2569,46.5918,47.1040,47.7649,48.5472,49.4298,50.3923,51.4171,52.5017,53.6073,54.7266,55.8088,56.9066,57.9511,58.9061,59.7767
950,1760,990,0,44.9296,45.3423,45.9277,46.6562,47.5046,48.4449,49.4537,50.5199,51.6158,52.7285,53.8045,54.9015,55.9439,56.9015,57.7939,58.6074
950,1856,1044,0,43.7478,44.2268,44.8771,45.6608,46.5517,47.5251,48.5496,49.6170,50.6989,51.7480,52.8128,53.8324,54.7745,55.6668,56.4863,57.2183
950,1952,1098,0,42.8369,43.3799,44.0880,44.9238,45.8527,46.8394,47.8905,48.9488,49.9856,51.0257,52.0375,52.9775,53.8745,54.7071,55.4606,56.1583
950,2048,1152,0,42.1937,42.8024,43.5658,44.4464,45.4069,46.4230,47.4623,48.4940,49.5105,50.5216,51.4663,52.3692,53.2194,53.9969,54.7273,55.4192
950,2144,1206,0,41.4358,42.0810,42.8762,43.7718,44.7281,45.7307,46.7392,47.7146,48.7149,49.6577,50.5595,51.4274,52.2319,52.9958,53.7298,54.3995
950,2240,1260,0,40.8280,41.5251,42.3562,43.2772,44.2564,45.2552,46.2345,47.2240,48.1829,49.0933,49.9871,50.8223,51.6144,52.3869,53.0967,53.7423
950,2336,1314,0,40.1522,40.8797,41.7299,42.6559,43.6321,44.6165,45.5832,46.5575,47.4809,48.3953,49.2647,50.0854,50.9027,51.6602,52.3545,52.9830
950,2432,1368,0,39.6549,40.4378,41.3352,42.3049,43.3076,44.2940,45.3014,46.2695,47.2098,48.1241,48.9852,49.8409,50.6466,51.3881,52.0617,52.6657
950,2528,1422,0,39.0709,39.8878,40.8050,41.7981,42.8087,43.8111,44.8172,45.7752,46.7281,47.6305,48.5117,49.3644,50.1539,50.8747,51.5238,52.1650
950,1280,720,1,51.9773,51.9371,52.0814,52.3770,52.7996,53.3291,53.9562,54.6588,55.4370,56.2715,57.1518,58.0690,58.9999,59.9701,60.9210,61.8683
950,1376,774,1,48.6607,48.6986,48.9153,49.2793,49.7693,50.3684,51.0548,51.8291,52.6667,53.5611,54.4997,55.4780,56.4831,57.4972,58.5003,59.4640
950,1472,828,1,46.4710,46.5836,46.8720,47.3061,47.8615,48.5221,49.2756,50.1020,50.9933,51.9283,52.9181,53.9242,54.9530,55.9593,56.9501,57.9516
950,1568,882,1,44.7818,44.9663,45.3238,45.8223,46.4395,47.1544,47.9531,48.8174,49.7269,50.6918,51.6703,52.6644,53.6308,54.6067,55.5643,56.4594
950,1664,936,1,43.4036,43.6585,44.0811,44.6428,45.3168,46.0820,46.9184,47.8090,48.7508,49.7097,50.6808,51.6222,52.5851,53.5146,54.3842,55.2036
950,1760,990,1,42.3847,42.7058,43.1880,43.8017,44.5235,45.3259,46.1869,47.0956,48.0280,48.9744,49.8913,50.8332,51.7403,52.5914,53.4086,54.1822
950,1856,1044,1,41.3021,41.6620,42.1778,42.8124,43.5402,44.3380,45.1781,46.0540,46.9433,47.8097,48.6982,49.5630,50.3812,51.1802,51.9421,52.6527
950,1952,1098,1,40.5738,40.9824,41.5394,42.2085,42.9578,43.7561,44.6100,45.4730,46.3244,47.1893,48.0461,48.8615,49.6629,50.4328,51.1562,51.8515
950,2048,1152,1,39.8892,40.3407,40.9296,41.6209,42.3821,43.1937,44.0312,44.8725,45.7151,46.5717,47.3933,48.2030,48.9911,49.7378,50.4637,51.1742
950,2144,1206,1,39.1818,39.6655,40.2837,40.9920,41.7577,42.5708,43.4006,44.2171,45.0726,45.8983,46.7092,47.5111,48.2760,49.0222,49.7577,50.4478
950,2240,1260,1,38.5578,39.0835,39.7305,40.4610,41.2502,42.0691,42.8881,43.7349,44.5760,45.3955,46.2206,47.0121,47.7812,48.5482,49.2703,49.9430
950,2336,1314,1,37.9467,38.5137,39.1949,39.9505,40.7610,41.5936,42.4284,43.2883,44.1214,44.9634,45.7802,46.5663,47.3620,48.1135,48.8153,49.4631
950,2432,1368,1,37.4212,38.0380,38.7628,39.5608,40.4013,41.2454,42.1275,42.9948,43.8555,44.7087,45.5277,46.3543,47.1460,47.8876,48.5737,49.2005
950,2528,1422,1,36.8873,37.5485,38.3069,39.1432,40.0097,40.8867,41.7855,42.6591,43.5429,44.3936,45.2356,46.0609,46.8363,47.5551,48.2128,48.8694
1000,2560,1440,0,36.6972,37.5114,38.4214,39.3975,40.3833,41.3632,42.3275,43.2503,44.1576,45.0179,45.8719,46.6872,47.4429,48.1365,48.7754,49.4077
1000,1280,720,0,67.1351,66.9017,66.8221,66.8612,66.9901,67.1927,67.4541,67.7534,68.0835,68.4348,68.7936,69.1499,69.4986,69.8514,70.1719,70.4868
1000,1376,774,0,59.0896,59.2027,59.4998,59.9418,60.5025,61.1572,61.8759,62.6514,63.4509,64.2595,65.0544,65.8256,66.5555,67.2185,67.8109,68.3068
1000,1472,828,0,53.2726,53.4822,53.8775,54.4251,55.0973,55.8748,56.7417,57.6732,58.6578,59.6668,60.7085,61.7336,62.7438,63.6836,64.5551,65.3808
1000,1568,882,0,49.3881,49.6624,50.1196,50.7265,51.4598,52.2974,53.2247,54.2222,55.2668,56.3695,57.4807,58.5996,59.6718,60.7327,61.7418,62.6432
1000,1664,936,0,47.0174,47.3684,47.8984,48.5789,49.3824,50.2879,51.2750,52.3261,53.4387,54.5733,55.7222,56.8322,57.9561,59.0214,59.9892,60.8630
1000,1760,990,0,45.7203,46.1521,46.7586,47.5102,48.3836,49.3504,50.3873,51.4829,52.6089,53.7516,54.8553,55.9782,57.0411,58.0119,58.9093,59.7193
1000,1856,1044,0,44.4629,44.9656,45.6425,46.4554,47.3784,48.3861,49.4467,50.5517,51.6713,52.7558,53.8538,54.9011,55.8630,56.7666,57.5881,58.3129
1000,1952,1098,0,43.4503,44.0204,44.7589,45.6287,46.5947,47.6206,48.7136,49.8142,50.8918,51.9709,53.0172,53.9844,54.9010,55.7444,56.4996,57.1914
1000,2048,1152,0,42.7484,43.3875,44.1852,45.1040,46.1056,47.1651,48.2487,49.3237,50.3809,51.4292,52.4037,53.3291,54.1933,54.9763,55.7050,56.3888
1000,2144,1206,0,41.9998,42.6853,43.5255,44.4695,45.4763,46.5299,47.5871,48.6060,49.6455,50.6188,51.5429,52.4248,53.2348,53.9973,54.7235,55.3801
1000,2240,1260,0,41.3095,42.0409,42.9099,43.8711,44.8916,45.9308,46.9473,47.9705,48.9577,49.8902,50.8006,51.6463,52.4436,53.2169,53.9232,54.5616
1000,2336,1314,0,40.7025,41.4759,42.3756,43.3525,44.3791,45.4098,46.4163,47.4239,48.3719,49.3037,50.1830,51.0068,51.8222,52.5724,53.2551,53.8687
1000,2432,1368,0,40.1522,40.9717,41.9080,42.9170,43.9572,44.9766,46.0129,47.0034,47.9607,48.8867,49.7546,50.6133,51.4180,52.1549,52.8209,53.4149
1000,2528,1422,0,39.6014,40.4614,41.4236,42.4618,43.5142,44.5529,45.5895,46.5703,47.5406,48.4541,49.3419,50.1969,50.9845,51.6998,52.3406,52.9714
1000,1280,720,1,53.4872,53.4626,53.6252,53.9406,54.3837,54.9335,55.5800,56.2998,57.0920,57.9362,58.8204,59.7341,60.6528,61.6004,62.5160,63.4147
1000,1376,774,1,49.6833,49.7342,49.9657,50.3458,50.8529,51.4699,52.1745,52.9670,53.8226,54.7341,55.6886,56.6809,57.6973,58.7189,59.7247,60.6848
1000,1472,828,1,47.3103,47.4396,47.7466,48.2011,48.7787,49.4631,50.2421,51.0952,52.0147,52.9786,53.9985,55.0346,56.0931,57.1267,58.1418,59.1636
1000,1568,882,1,45.4134,45.6133,45.9881,46.5059,47.1447,47.8835,48.7086,49.6018,50.5428,51.5421,52.5570,53.5894,54.5940,55.6083,56.6022,57.5285
1000,1664,936,1,43.9604,44.2303,44.6700,45.2509,45.9463,46.7350,47.5973,48.5160,49.4883,50.4795,51.4842,52.4590,53.4557,54.4170,55.3141,56.1561
1000,1760,990,1,42.9162,43.2564,43.7603,44.3983,45.1472,45.9793,46.8724,47.8158,48.7845,49.7683,50.7218,51.7004,52.6412,53.5213,54.3625,55.1543
1000,1856,1044,1,41.9052,42.2973,42.8493,43.5238,44.2950,45.1390,46.0273,46.9526,47.8909,48.8032,49.7356,50.6387,51.4880,52.3112,53.0893,53.8084
1000,1952,1098,1,41.0253,41.4605,42.0468,42.7479,43.5312,44.3648,45.2550,46.1535,47.0382,47.9345,48.8192,49.6576,50.4778,51.2617,51.9944,52.6953
1000,2048,1152,1,40.4639,40.9532,41.5833,42.3184,43.1246,43.9812,44.8619,45.7428,46.6208,47.5082,48.3539,49.1816,49.9817,50.7342,51.4611,52.1682
1000,2144,1206,1,39.6622,40.1807,40.8365,41.5839,42.3888,43.2405,44.1062,44.9545,45.8390,46.6885,47.5185,48.3352,49.1103,49.8628,50.6015,51.2912
1000,2240,1260,1,39.0472,39.6070,40.2901,41.0572,41.8824,42.7351,43.5841,44.4578,45.3215,46.1592,46.9992,47.8016,48.5785,49.3509,50.0754,50.7481
1000,2336,1314,1,38.3951,38.9913,39.7027,40.4882,41.3276,42.1865,43.0442,43.9242,44.7738,45.6297,46.4574,47.2517,48.0539,48.8094,49.5128,50.1601
1000,2432,1368,1,37.9373,38.5907,39.3526,40.1867,41.0606,41.9335,42.8405,43.7274,44.6033,45.4679,46.2944,47.1259,47.9196,48.6603,49.3430,49.9644
1000,2528,1422,1,37.3360,38.0268,38.8149,39.6803,40.5735,41.4737,42.3929,43.2830,44.1813,45.0437,45.8955,46.7291,47.5105,48.2333,48.8930,49.5507
1050,2560,1440,0,37.1675,38.0179,38.9653,39.9780,40.9971,42.0053,42.9926,43.9328,44.8538,45.7239,46.5857,47.4061,48.1646,48.8584,49.4957,50.1255
1050,1280,720,0,67.3822,67.1310,67.0323,67.0520,67.1619,67.3464,67.5910,67.8753,68.1921,68.5320,68.8816,69.2307,69.5740,69.9232,70.2421,70.5566
1050,1376,774,0,62.3396,62.4045,62.6422,63.0107,63.4832,64.0325,64.6281,65.2603,65.9004,66.5348,67.1432,67.7228,68.2622,68.7414,69.1690,69.5209
1050,1472,828,0,55.3909,55.6181,56.0313,56.5954,57.2813,58.0678,58.9371,59.8620,60.8289,61.8057,62.7985,63.7551,64.6767,65.5090,66.2565,66.9446
1050,1568,882,0,50.8441,51.1351,51.6105,52.2365,52.9889,53.8445,54.7880,55.7984,56.8511,57.9564,59.0622,60.1663,61.2123,62.2349,63.1928,64.0319
1050,1664,936,0,47.9400,48.3046,48.8495,49.5459,50.3661,51.2889,52.2937,53.3626,54.4933,55.6452,56.8100,57.9329,59.0663,60.1351,61.0988,61.9596
1050,1760,990,0,46.4608,46.9127,47.5416,48.3179,49.2186,50.2151,51.2840,52.4142,53.5764,54.7563,55.8956,57.0523,58.1428,59.1320,60.0371,60.8433
1050,1856,1044,0,45.0337,45.5565,46.2561,47.0944,48.0454,49.0841,50.1782,51.3193,52.4764,53.5977,54.7321,55.8113,56.7981,57.7186,58.5475,59.2707
1050,1952,1098,0,44.0240,44.6175,45.3826,46.2819,47.2802,48.3407,49.4708,50.6093,51.7240,52.8388,53.9170,54.9091,55.8431,56.6953,57.4504,58.1346
1050,2048,1152,0,43.2791,43.9456,44.7743,45.7276,46.7669,47.8666,48.9916,50.1073,51.2033,52.2873,53.2909,54.2382,55.1165,55.9051,56.6320,57.3078
1050,2144,1206,0,42.5123,43.2345,44.1164,45.1064,46.1621,47.2665,48.3736,49.4382,50.5199,51.5269,52.4757,53.3734,54.1897,54.9506,55.6684,56.3106
1050,2240,1260,0,41.8605,42.6312,43.5435,44.5510,45.6190,46.7045,47.7628,48.8235,49.8411,50.7960,51.7214,52.5742,53.3717,54.1395,54.8349,55.4583
1050,2336,1314,0,41.1648,41.9740,42.9128,43.9304,44.9977,46.0664,47.1062,48.1420,49.1111,50.0583,50.9466,51.7740,52.5886,53.3338,54.0081,54.6107
1050,2432,1368,0,40.6814,41.5438,42.5258,43.5816,44.6665,45.7253,46.7954,47.8116,48.7871,49.7245,50.5970,51.4553,52.2545,52.9816,53.6345,54.2131
1050,2528,1422,0,40.0738,40.9721,41.9747,43.0537,44.1442,45.2159,46.2799,47.2810,48.2660,49.1885,50.0807,50.9360,51.7200,52.4283,53.0595,53.6787
1050,1280,720,1,54.7822,54.7672,54.9405,55.2671,55.7213,56.2815,56.9372,57.6640,58.4603,59.3048,60.1842,61.0869,61.9874,62.9076,63.7860,64.6371
1050,1376,774,1,50.8796,50.9453,51.1939,51.5926,52.1196,52.7572,53.4823,54.2951,55.1695,56.0978,57.0660,58.0680,59.0890,60.1079,61.1027,62.0420
1050,1472,828,1,48.1558,48.2969,48.6171,49.0861,49.6791,50.3799,51.1758,52.0465,52.9839,53.9657,55.0036,56.0569,57.1316,58.1791,59.2047,60.2335
1050,1568,882,1,46.0584,46.2709,46.6599,47.1937,47.8501,48.6083,49.4549,50.3718,51.3384,52.3660,53.4109,54.4749,55.5110,56.5570,57.5806,58.5317
1050,1664,936,1,44.5885,44.8734,45.3300,45.9299,46.6463,47.4582,48.3456,49.2915,50.2932,51.3149,52.3510,53.3562,54.3832,55.3718,56.2913,57.1499
1050,1760,990,1,43.5265,43.8886,44.4173,45.0830,45.8626,46.7283,47.6577,48.6398,49.6490,50.6742,51.6675,52.6856,53.6616,54.5706,55.4340,56.2402
1050,1856,1044,1,42.4068,42.8250,43.4067,44.1143,44.9222,45.8062,46.7369,47.7067,48.6902,49.6458,50.6204,51.5613,52.4417,53.2895,54.0847,54.8130
1050,1952,1098,1,41.5346,41.9972,42.6143,43.3492,44.1687,45.0398,45.9693,46.9064,47.8277,48.7586,49.6743,50.5382,51.3791,52.1781,52.9203,53.6259
1050,2048,1152,1,40.9086,41.4264,42.0878,42.8565,43.6977,44.5900,45.5055,46.4190,47.3264,48.2398,49.1064,49.9501,50.7614,51.5204,52.2497,52.9560
1050,2144,1206,1,40.1651,40.7158,41.4064,42.1903,43.0319,43.9195,44.8188,45.6967,46.6083,47.4799,48.3274,49.1574,49.9412,50.6990,51.4396,52.1280
1050,2240,1260,1,39.5348,40.1322,40.8555,41.6640,42.5304,43.4219,44.3055,45.2103,46.0999,46.9580,47.8139,48.6269,49.4102,50.1852,50.9086,51.5767
1050,2336,1314,1,38.8762,39.5058,40.2520,41.0723,41.9450,42.8342,43.7182,44.6210,45.4888,46.3596,47.1986,48.0011,48.8092,49.5678,50.2718,50.9175
1050,2432,1368,1,38.3612,39.0430,39.8342,40.6971,41.5980,42.4945,43.4224,44.3263,45.2161,46.0918,46.9265,47.7643,48.5620,49.3045,49.9868,50.6061
1050,2528,1422,1,37.8323,38.5599,39.3854,40.2871,41.2132,42.1415,43.0842,43.9920,44.9041,45.7760,46.6344,47.4715,48.2533,48.9736,49.6285,50.2799
1100,2560,1440,0,37.6297,38.5178,39.5042,40.5555,41.6096,42.6475,43.6584,44.6162,45.5501,46.4288,47.2962,48.1193,48.8775,49.5684,50.2007,50.8242
1100,1280,720,0,67.4391,67.1834,67.0800,67.0948,67.2001,67.3804,67.6213,67.9024,68.2166,68.5546,68.9028,69.2512,69.5942,69.9437,70.2634,70.5790
1100,1376,774,0,65.1668,65.1332,65.2563,65.4935,65.8210,66.2121,66.6405,67.0974,67.5622,68.0252,68.4697,68.8993,69.3057,69.6712,70.0076,70.2894
1100,1472,828,0,57.7698,58.0046,58.4231,58.9879,59.6676,60.4383,61.2787,62.1591,63.0630,63.9550,64.8404,65.6673,66.4409,67.1143,67.6981,68.2251
1100,1568,882,0,52.1744,52.4861,52.9837,53.6328,54.4085,55.2868,56.2515,57.2807,58.3481,59.4631,60.5707,61.6671,62.6933,63.6830,64.5936,65.3725
1100,1664,936,0,49.0921,49.4771,50.0442,50.7641,51.6084,52.5550,53.5827,54.6726,55.8216,56.9871,58.1592,59.2805,60.4024,61.4471,62.3748,63.1881
1100,1760,990,0,47.1746,47.6428,48.2899,49.0862,50.0087,51.0289,52.1234,53.2811,54.4723,55.6819,56.8493,58.0326,59.1438,60.1449,61.0517,61.8488
1100,1856,1044,0,45.6867,46.2270,46.9462,47.8059,48.7804,49.8446,50.9661,52.1363,53.3236,54.4743,55.6373,56.7412,57.7463,58.6777,59.5091,60.2261
1100,1952,1098,0,44.6786,45.2969,46.0897,47.0196,48.0509,49.1461,50.3128,51.4875,52.6363,53.7824,54.8865,55.8964,56.8396,57.6915,58.4375,59.1053
1100,2048,1152,0,43.8741,44.5685,45.4288,46.4171,47.4943,48.6341,49.8002,50.9560,52.0895,53.2069,54.2360,55.2007,56.0869,56.8739,57.5911,58.2502
1100,2144,1206,0,43.0339,43.7849,44.6996,45.7257,46.8198,47.9642,49.1108,50.2120,51.3279,52.3626,53.3320,54.2427,55.0641,55.8231,56.5328,57.1615
1100,2240,1260,0,42.3546,43.1650,44.1220,45.1780,46.2967,47.4323,48.5369,49.6393,50.6908,51.6704,52.6122,53.4720,54.2688,55.0294,55.7118,56.3180
1100,2336,1314,0,41.6324,42.4774,43.4557,44.5149,45.6243,46.7331,47.8084,48.8748,49.8674,50.8318,51.7308,52.5628,53.3771,54.1173,54.7826,55.3733
1100,2432,1368,0,41.1512,42.0517,43.0750,44.1733,45.2995,46.3950,47.4966,48.5367,49.5288,50.4761,51.3523,52.2093,53.0027,53.7202,54.3607,54.9248
1100,2528,1422,0,40.5715,41.5075,42.5498,43.6690,44.7971,45.9013,46.9921,48.0127,49.0115,49.9419,50.8371,51.6912,52.4698,53.1695,53.7896,54.3955
1100,1280,720,1,56.2320,56.2239,56.4046,56.7384,57.1989,57.7638,58.4215,59.1468,59.9369,60.7693,61.6292,62.5033,63.3659,64.2364,65.0537,65.8334
1100,1376,774,1,51.8815,51.9583,52.2192,52.6310,53.1714,53.8223,54.5601,55.3847,56.2692,57.2055,58.1784,59.1813,60.1981,61.2061,62.1830,63.0957
1100,1472,828,1,49.1394,49.2970,49.6357,50.1246,50.7386,51.4610,52.2788,53.1707,54.1284,55.1287,56.1829,57.2487,58.3314,59.3803,60.3998,61.4138
1100,1568,882,1,46.9377,47.1672,47.5751,48.1294,48.8081,49.5899,50.4614,51.4044,52.3977,53.4528,54.5248,55.6149,56.6740,57.7394,58.7765,59.7326
1100,1664,936,1,45.1843,45.4849,45.9592,46.5789,47.3172,48.1532,49.0669,50.0413,51.0740,52.1285,53.1988,54.2378,55.2988,56.3184,57.2636,58.1414
1100,1760,990,1,44.0276,44.4054,44.9518,45.6376,46.4397,47.3304,48.2872,49.2993,50.3404,51.3992,52.4258,53.4777,54.4850,55.4205,56.3053,57.1265
1100,1856,1044,1,42.8903,43.3275,43.9308,44.6625,45.4972,46.4104,47.3723,48.3752,49.3930,50.3820,51.3901,52.3618,53.2684,54.1380,54.9493,55.6875
1100,1952,1098,1,42.0803,42.5756,43.2294,44.0049,44.8682,45.7854,46.7630,47.7477,48.7141,49.6872,50.6398,51.5331,52.3958,53.2085,53.9565,54.6611
1100,2048,1152,1,41.3556,41.9011,42.5933,43.3956,44.2724,45.2014,46.1535,47.1022,48.0424,48.9858,49.8772,50.7412,51.5677,52.3368,53.0720,53.7803
1100,2144,1206,1,40.6898,41.2792,42.0122,42.8407,43.7273,44.6593,45.5999,46.5137,47.4570,48.3531,49.2185,50.0600,50.8491,51.6067,52.3428,53.0225
1100,2240,1260,1,39.9585,40.5856,41.3407,42.1821,43.0813,44.0040,44.9156,45.8455,46.7564,47.6314,48.5007,49.3233,50.1127,50.8913,51.6152,52.2814
1100,2336,1314,1,39.3314,39.9952,40.7775,41.6342,42.5425,43.4643,44.3765,45.3040,46.1910,47.0772,47.9274,48.7370,49.5495,50.3091,51.0114,51.6528
1100,2432,1368,1,38.8146,39.5287,40.3534,41.2496,42.1818,43.1057,44.0576,44.9810,45.8864,46.7742,47.6177,48.4620,49.2634,50.0069,50.6880,51.3040
1100,2528,1422,1,38.2627,39.0200,39.8755,40.8067,41.7596,42.7109,43.6729,44.5956,45.5194,46.3996,47.2637,48.1043,48.8869,49.6058,50.2573,50.9040
1150,2560,1440,0,38.0174,38.9331,39.9483,41.0284,42.1087,43.1694,44.1991,45.1716,46.1173,47.0047,47.8787,48.7062,49.4666,50.1576,50.7882,51.4089
1150,1280,720,0,67.4404,67.1847,67.0811,67.0959,67.2011,67.3815,67.6223,67.9034,68.2176,68.5556,68.9038,69.2523,69.5953,69.9450,70.2648,70.5806
1150,1376,774,0,66.6492,66.5134,66.5265,66.6498,66.8638,67.1449,67.4699,67.8305,68.2099,68.5985,68.9798,69.3582,69.7245,70.0610,70.3781,70.6496
1150,1472,828,0,60.7650,60.9708,61.3506,61.8637,62.4766,63.1624,63.8967,64.6495,65.4044,66.1264,66.8256,67.4565,68.0344,68.5234,68.9390,69.3193
1150,1568,882,0,54.0076,54.3420,54.8628,55.5338,56.3285,57.2206,58.1922,59.2188,60.2712,61.3562,62.4153,63.4428,64.3797,65.2603,66.0462,66.6945
1150,1664,936,0,50.0849,50.4812,51.0606,51.7935,52.6511,53.6113,54.6521,55.7543,56.9144,58.0882,59.2652,60.3858,61.5011,62.5309,63.4356,64.2178
1150,1760,990,0,47.9866,48.4672,49.1276,49.9381,50.8755,51.9112,53.0216,54.1955,55.4024,56.6270,57.8067,58.9995,60.1144,61.1119,62.0069,62.7844
1150,1856,1044,0,46.4206,46.9823,47.7252,48.6109,49.6135,50.7076,51.8604,53.0630,54.2825,55.4630,56.6528,57.7769,58.7930,59.7255,60.5474,61.2455
1150,1952,1098,0,45.2040,45.8416,46.6562,47.6105,48.6688,49.7934,50.9922,52.2003,53.3823,54.5606,55.6932,56.7249,57.6823,58.5398,59.2828,59.9405
1150,2048,1152,0,44.4010,45.1181,46.0041,47.0207,48.1286,49.3011,50.5008,51.6897,52.8544,53.9999,55.0508,56.0302,56.9231,57.7089,58.4177,59.0627
1150,2144,1206,0,43.5370,44.3154,45.2612,46.3215,47.4521,48.6348,49.8193,50.9557,52.1047,53.1661,54.1554,55.0787,55.9045,56.6613,57.3625,57.9775
1150,2240,1260,0,42.8356,43.6782,44.6715,45.7672,46.9278,48.1054,49.2492,50.3874,51.4683,52.4693,53.4247,54.2897,55.0847,55.8372,56.5064,57.0955
1150,2336,1314,0,42.1492,43.0324,44.0526,45.1562,46.3105,47.4616,48.5740,49.6715,50.6865,51.6660,52.5718,53.4036,54.2120,54.9410,55.5910,56.1635
1150,2432,1368,0,41.5781,42.5110,43.5697,44.7048,45.8672,46.9954,48.1262,49.1893,50.1985,51.1573,52.0395,52.8983,53.6892,54.4008,55.0325,55.5857
1150,2528,1422,0,41.0590,42.0367,43.1234,44.2881,45.4587,46.5993,47.7194,48.7601,49.7715,50.7069,51.6013,52.4494,53.2176,53.9035,54.5075,55.0952
1150,1280,720,1,58.1419,58.1401,58.3277,58.6675,59.1312,59.6954,60.3465,61.0575,61.8232,62.6201,63.4309,64.2405,65.0244,65.7997,66.5087,67.1704
1150,1376,774,1,53.0390,53.1305,53.4076,53.8363,54.3940,55.0615,55.8144,56.6517,57.5456,58.4867,59.4586,60.4532,61.4531,62.4336,63.3723,64.2355
1150,1472,828,1,50.0864,50.2562,50.6085,51.1119,51.7411,52.4790,53.3123,54.2191,55.1908,56.2032,57.2673,58.3394,59.4240,60.4688,61.4772,62.4717
1150,1568,882,1,47.6215,47.8641,48.2867,48.8573,49.5536,50.3544,51.2463,52.2110,53.2270,54.3063,55.4027,56.5173,57.5993,58.6859,59.7400,60.7063
1150,1664,936,1,45.7759,46.0901,46.5797,47.2166,47.9741,48.8313,49.7685,50.7687,51.8299,52.9147,54.0171,55.0880,56.1813,57.2304,58.2000,59.0955
1150,1760,990,1,44.5631,44.9539,45.5151,46.2174,47.0380,47.9492,48.9285,49.9650,51.0323,52.1185,53.1722,54.2516,55.2841,56.2407,57.1418,57.9736
1150,1856,1044,1,43.4467,43.9058,44.5337,45.2928,46.1573,47.1027,48.0985,49.1368,50.1902,51.2134,52.2545,53.2554,54.1855,55.0728,55.8951,56.6373
1150,1952,1098,1,42.5416,43.0627,43.7458,44.5541,45.4534,46.4090,47.4277,48.4540,49.4606,50.4722,51.4594,52.3807,53.2652,54.0923,54.8473,55.5528
1150,2048,1152,1,41.8739,42.4485,43.1733,44.0112,44.9258,45.8940,46.8853,47.8713,48.8460,49.8204,50.7368,51.6200,52.4596,53.2354,53.9721,54.6772
1150,2144,1206,1,41.0873,41.7027,42.4643,43.3233,44.2415,45.2051,46.1759,47.1169,48.0852,49.0016,49.8828,50.7360,51.5323,52.2937,53.0303,53.7075
1150,2240,1260,1,40.4772,41.1410,41.9356,42.8179,43.7578,44.7190,45.6646,46.6244,47.5594,48.4523,49.3344,50.1640,50.9556,51.7324,52.4505,53.1078
1150,2336,1314,1,39.7517,40.4489,41.2667,42.1594,43.1029,44.0571,44.9974,45.9490,46.8549,47.7559,48.6164,49.4323,50.2483,51.0081,51.7077,52.3440
1150,2432,1368,1,39.2391,39.9849,40.8426,41.7718,42.7353,43.6865,44.6625,45.6050,46.5254,47.4247,48.2760,49.1258,49.9300,50.6738,51.3530,51.9654
1150,2528,1422,1,38.6721,39.4584,40.3437,41.3045,42.2846,43.2596,44.2418,45.1803,46.1170,47.0067,47.8779,48.7233,49.5082,50.2270,50.8765,51.5198
1200,2560,1440,0,38.4371,39.3839,40.4317,41.5443,42.6544,43.7408,44.7915,45.7800,46.7382,47.6343,48.5145,49.3457,50.1074,50.7973,51.4249,52.0414
1200,1280,720,0,67.4404,67.1847,67.0811,67.0959,67.2011,67.3815,67.6223,67.9034,68.2176,68.5556,68.9038,69.2523,69.5953,69.9450,70.2648,70.5806
1200,1376,774,0,66.9638,66.8041,66.7922,66.8907,67.0807,67.3394,67.6441,67.9867,68.3507,68.7263,69.0974,69.4681,69.8290,70.1629,70.4789,70.7516
1200,1472,828,0,63.3610,63.4948,63.7881,64.1986,64.6937,65.2468,65.8339,66.4304,67.0233,67.5827,68.1244,68.6093,69.0584,69.4405,69.7695,70.0839
1200,1568,882,0,55.8314,56.1772,56.7080,57.3862,58.1837,59.0723,60.0321,61.0360,62.0521,63.0850,64.0735,65.0122,65.8445,66.6079,67.2696,67.7964
1200,1664,936,0,51.4924,51.9101,52.5119,53.2674,54.1466,55.1260,56.1822,57.2941,58.4568,59.6231,60.7804,61.8670,62.9321,63.8962,64.7239,65.4216
1200,1760,990,0,49.0578,49.5595,50.2426,51.0766,52.0378,53.0966,54.2283,55.4208,56.6418,57.8743,59.0528,60.2343,61.3252,62.2865,63.1339,63.8567
1200,1856,1044,0,47.0657,47.6451,48.4079,49.3158,50.3428,51.4640,52.6462,53.8804,55.1328,56.3448,57.5645,58.7123,59.7431,60.6793,61.4930,62.1721
1200,1952,1098,0,45.7924,46.4480,47.2830,48.2598,49.3427,50.4938,51.7215,52.9595,54.1713,55.3785,56.5366,57.5876,58.5567,59.4172,60.1547,60.7996
1200,2048,1152,0,44.9984,45.7409,46.6555,47.7039,48.8461,50.0551,51.2919,52.5170,53.7150,54.8892,55.9604,56.9508,57.8448,58.6220,59.3143,59.9366
1200,2144,1206,0,44.0787,44.8849,45.8624,46.9578,48.1261,49.3483,50.5724,51.7451,52.9277,54.0148,55.0211,55.9522,56.7763,57.5231,58.2074,58.7999
1200,2240,1260,0,43.3168,44.1876,45.2127,46.3434,47.5412,48.7564,49.9357,51.1067,52.2150,53.2362,54.2048,55.0750,55.8683,56.6130,57.2693,57.8416
1200,2336,1314,0,42.6133,43.5359,44.6004,45.7519,46.9557,48.1544,49.3091,50.4425,51.4838,52.4807,53.3946,54.2263,55.0280,55.7443,56.3773,56.9299
1200,2432,1368,0,42.0638,43.0339,44.1333,45.3112,46.5157,47.6817,48.8455,49.9336,50.9601,51.9288,52.8138,53.6697,54.4524,55.1515,55.7674,56.3028
1200,2528,1422,0,41.4684,42.4780,43.5990,44.7990,46.0031,47.1732,48.3178,49.3765,50.4004,51.3427,52.2393,53.0856,53.8484,54.5261,55.1197,55.6953
1200,1280,720,1,59.9877,59.9776,60.1544,60.4798,60.9240,61.4628,62.0810,62.7503,63.4640,64.1984,64.9351,65.6589,66.3488,67.0205,67.6223,68.1773
1200,1376,774,1,54.2345,54.3370,54.6261,55.0669,55.6361,56.3139,57.0747,57.9168,58.8114,59.7479,60.7084,61.6834,62.6543,63.5945,64.4824,65.2841
1200,1472,828,1,51.0837,51.2679,51.6363,52.1570,52.8040,53.5598,54.4102,55.3327,56.3179,57.3403,58.4104,59.4825,60.5600,61.5887,62.5706,63.5274
1200,1568,882,1,48.3728,48.6276,49.0636,49.6487,50.3603,51.1772,52.0856,53.0671,54.0998,55.1958,56.3078,57.4366,58.5299,59.6245,60.6817,61.6443
1200,1664,936,1,46.5141,46.8426,47.3481,48.0024,48.7786,49.6557,50.6138,51.6359,52.7197,53.8271,54.9515,56.0420,57.1526,58.2141,59.1894,60.0829
1200,1760,990,1,45.1744,45.5824,46.1629,46.8867,47.7309,48.6676,49.6743,50.7402,51.8381,52.9557,54.0395,55.1483,56.2059,57.1817,58.0949,58.9311
1200,1856,1044,1,43.9461,44.4241,45.0738,45.8574,46.7494,47.7254,48.7544,49.8285,50.9194,51.9795,53.0575,54.0920,55.0499,55.9587,56.7947,57.5424
1200,1952,1098,1,42.9797,43.5185,44.2220,45.0531,45.9776,46.9604,48.0087,49.0656,50.1025,51.1443,52.1595,53.1046,54.0084,54.8496,55.6128,56.3213
1200,2048,1152,1,42.3617,42.9688,43.7301,44.6085,45.5667,46.5807,47.6183,48.6490,49.6652,50.6768,51.6227,52.5279,53.3814,54.1631,54.8987,55.5970
1200,2144,1206,1,41.5100,42.1531,42.9456,43.8380,44.7910,45.7901,46.7953,47.7678,48.7656,49.7065,50.6075,51.4758,52.2819,53.0490,53.7874,54.4627
1200,2240,1260,1,40.9159,41.6141,42.4460,43.3675,44.3467,45.3452,46.3239,47.3126,48.2706,49.1801,50.0732,50.9080,51.7003,52.4737,53.1849,53.8324
1200,2336,1314,1,40.1713,40.8986,41.7485,42.6741,43.6498,44.6337,45.5999,46.5737,47.4968,48.4112,49.2808,50.1022,50.9209,51.6802,52.3766,53.0076
1200,2432,1368,1,39.6772,40.4588,41.3544,42.3219,43.3219,44.3056,45.3102,46.2756,47.2136,48.1256,48.9850,49.8393,50.6441,51.3851,52.0585,52.6627
1200,2528,1422,1,39.0953,39.9121,40.8289,41.8210,42.8301,43.8302,44.8335,45.7883,46.7379,47.6369,48.5148,49.3643,50.1508,50.8689,51.5156,52.1548
1250,2560,1440,0,38.8406,39.8180,40.8981,42.0430,43.1828,44.2945,45.3658,46.3699,47.3399,48.2441,49.1300,49.9642,50.7264,51.4147,52.0389,52.6506
1250,1280,720,0,67.4404,67.1847,67.0811,67.0959,67.2011,67.3815,67.6223,67.9034,68.2176,68.5556,68.9038,69.2523,69.5953,69.9450,70.2648,70.5806
1250,1376,774,0,67.0619,66.8930,66.8716,66.9608,67.1422,67.3931,67.6911,68.0280,68.3875,68.7598,69.1285,69.4980,69.8585,70.1930,70.5103,70.7850
1250,1472,828,0,65.3557,65.3856,65.5623,65.8452,66.2062,66.6211,67.0686,67.5302,67.9956,68.4384,68.8771,69.2749,69.6539,69.9839,70.2751,70.5656
1250,1568,882,0,57.9047,58.2548,58.7859,59.4585,60.2414,61.1033,62.0216,62.9663,63.9023,64.8336,65.6993,66.4986,67.1831,67.7972,68.3170,68.7191
1250,1664,936,0,52.6965,53.1326,53.7535,54.5279,55.4247,56.4196,57.4879,58.6069,59.7706,60.9290,62.0679,63.1235,64.1439,65.0500,65.8110,66.4361
1250,1760,990,0,49.9156,50.4283,51.1233,51.9700,52.9443,54.0166,55.1619,56.3677,57.6008,58.8435,60.0282,61.2109,62.2955,63.2422,64.0663,64.7590
1250,1856,1044,0,47.7212,48.3125,49.0885,50.0105,51.0529,52.1907,53.3907,54.6440,55.9163,57.1473,58.3850,59.5463,60.5836,61.5181,62.3210,62.9809
1250,1952,1098,0,46.4643,47.1410,47.9993,49.0016,50.1120,51.2920,52.5503,53.8188,55.0591,56.2919,57.4701,58.5324,59.5034,60.3558,61.0761,61.6970
1250,2048,1152,0,45.4979,46.2585,47.1934,48.2645,49.4317,50.6678,51.9334,53.1877,54.4139,55.6137,56.7048,57.7082,58.6072,59.3817,60.0645,60.6721
1250,2144,1206,0,44.5646,45.3937,46.3970,47.5208,48.7195,49.9736,51.2293,52.4314,53.6411,54.7493,55.7700,56.7079,57.5311,58.2705,58.9415,59.5165
1250,2240,1260,0,43.8032,44.7026,45.7601,46.9262,48.1618,49.4151,50.6300,51.8339,52.9689,54.0092,54.9892,55.8624,56.6513,57.3855,58.0260,58.5789
1250,2336,1314,0,43.0580,44.0116,45.1110,46.3002,47.5432,48.7801,49.9692,51.1323,52.1956,53.2071,54.1278,54.9591,55.7545,56.4595,57.0774,57.6122
1250,2432,1368,0,42.5325,43.5402,44.6813,45.9032,47.1516,48.3576,49.5563,50.6709,51.7151,52.6932,53.5796,54.4306,55.2028,55.8870,56.4850,57.0008
1250,2528,1422,0,41.8870,42.9277,44.0822,45.3171,46.5545,47.7542,48.9237,50.0005,51.0370,51.9859,52.8842,53.7279,54.4842,55.1525,55.7346,56.2967
1250,1280,720,1,62.4898,62.4468,62.5835,62.8596,63.2434,63.7101,64.2428,64.8130,65.4126,66.0213,66.6216,67.2009,67.7456,68.2708,68.7338,69.1618
1250,1376,774,1,55.4669,55.5788,55.8777,56.3280,56.9057,57.5901,58.3547,59.1966,60.0858,61.0103,61.9506,62.8960,63.8265,64.7143,65.5399,66.2704
1250,1472,828,1,52.0301,52.2271,52.6093,53.1443,53.8056,54.5751,55.4381,56.3713,57.3644,58.3908,59.4601,60.5248,61.5873,62.5919,63.5400,64.4524
1250,1568,882,1,49.2586,49.5298,49.9838,50.5881,51.3196,52.1564,53.0844,54.0845,55.1339,56.2444,57.3670,58.5015,59.5936,60.6794,61.7183,62.6527
1250,1664,936,1,47.1690,47.5140,48.0380,48.7127,49.5110,50.4121,51.3961,52.4457,53.5590,54.6967,55.8518,56.9713,58.1089,59.1920,60.1809,61.0784
1250,1760,990,1,45.7103,46.1323,46.7288,47.4705,48.3350,49.2947,50.3269,51.4212,52.5500,53.7005,54.8174,55.9599,57.0483,58.0492,58.9805,59.8263
1250,1856,1044,1,44.4045,44.8961,45.5613,46.3625,47.2741,48.2718,49.3246,50.4246,51.5428,52.6303,53.7361,54.7963,55.7759,56.7018,57.5491,58.3018
1250,1952,1098,1,43.4662,44.0271,44.7556,45.6147,46.5698,47.5854,48.6688,49.7615,50.8334,51.9089,52.9546,53.9245,54.8475,55.7009,56.4693,57.1771
1250,2048,1152,1,42.7723,43.4024,44.1901,45.0980,46.0885,47.1372,48.2106,49.2768,50.3268,51.3697,52.3414,53.2667,54.1339,54.9228,55.6600,56.3548
1250,2144,1206,1,41.9917,42.6641,43.4895,44.4174,45.4074,46.4443,47.4859,48.4913,49.5195,50.4849,51.4044,52.2854,53.0981,53.8665,54.6017,55.2696
1250,2240,1260,1,41.2738,41.9952,42.8526,43.8012,44.8082,45.8339,46.8376,47.8492,48.8266,49.7516,50.6568,51.4998,52.2969,53.0725,53.7833,54.4280
1250,2336,1314,1,40.6407,41.4032,42.2907,43.2547,44.2680,45.2860,46.2813,47.2792,48.2200,49.1467,50.0234,50.8469,51.6641,52.4182,53.1064,53.7268
1250,2432,1368,1,40.0537,40.8636,41.7894,42.7875,43.8168,44.8264,45.8538,46.8372,47.7892,48.7114,49.5773,50.4354,51.2412,51.9805,52.6501,53.2486
1250,2528,1422,1,39.4941,40.3441,41.2956,42.3226,43.3641,44.3926,45.4200,46.3932,47.3571,48.2659,49.1503,50.0034,50.7905,51.5065,52.1491,52.7826
