size_kb,width,height,444,h_100_cents_psnr_db,h_112_cents_psnr_db,h_125_cents_psnr_db,h_137_cents_psnr_db,h_150_cents_psnr_db,h_162_cents_psnr_db,h_175_cents_psnr_db,h_187_cents_psnr_db,h_200_cents_psnr_db,h_212_cents_psnr_db,h_225_cents_psnr_db,h_237_cents_psnr_db,h_250_cents_psnr_db,h_262_cents_psnr_db,h_275_cents_psnr_db,h_287_cents_psnr_db
50,3840,2160,0,23.7990,23.6935,23.6467,23.6477,23.6846,23.7506,23.8338,23.9369,24.0582,24.1866,24.3202,24.4578,24.5981,24.7403,24.8839,25.0282
50,1280,720,0,28.7999,28.2895,27.9061,27.6232,27.4214,27.2858,27.2068,27.1731,27.1807,27.2215,27.2906,27.3845,27.4966,27.6332,27.7807,27.9437
50,1376,774,0,28.3523,27.8770,27.5255,27.2716,27.0968,26.9871,26.9292,26.9181,26.9431,26.9995,27.0820,27.1880,27.3136,27.4546,27.6070,27.7657
50,1472,828,0,28.0729,27.6261,27.3006,27.0706,26.9168,26.8255,26.7863,26.7886,26.8266,26.8920,26.9856,27.0971,27.2277,27.3675,27.5191,27.6896
50,1568,882,0,27.8531,27.4307,27.1270,26.9161,26.7795,26.7026,26.6751,26.6875,26.7310,26.8060,26.9007,27.0151,27.1391,27.2819,27.4378,27.5975
50,1664,936,0,27.5487,27.1505,26.8680,26.6765,26.5568,26.4946,26.4786,26.5002,26.5557,26.6345,26.7348,26.8461,26.9807,27.1260,27.2757,27.4322
50,1760,990,0,27.4246,27.0454,26.7787,26.6004,26.4926,26.4399,26.4310,26.4593,26.5161,26.5975,26.6920,26.8123,26.9435,27.0802,27.2272,27.3813
50,1856,1044,0,27.0670,26.7013,26.4467,26.2770,26.1749,26.1267,26.1199,26.1494,26.2068,26.2810,26.3821,26.4971,26.6193,26.7543,26.8962,27.0405
50,1952,1098,0,26.3160,25.9931,25.7778,25.6449,25.5753,25.5536,25.5774,25.6301,25.7037,25.8029,25.9199,26.0445,26.1822,26.3272,26.4744,26.6275
50,1280,720,1,28.6990,28.1849,27.7977,27.5107,27.3045,27.1643,27.0805,27.0418,27.0442,27.0795,27.1430,27.2311,27.3374,27.4677,27.6090,27.7656
50,1472,828,1,28.0117,27.5622,27.2339,27.0008,26.8438,26.7492,26.7066,26.7053,26.7396,26.8013,26.8911,26.9987,27.1254,27.2612,27.4088,27.5752
50,1664,936,1,27.4994,27.0988,26.8138,26.6197,26.4973,26.4324,26.4136,26.4323,26.4849,26.5609,26.6583,26.7668,26.8986,27.0411,27.1881,27.3420
50,1760,990,1,27.3802,26.9989,26.7302,26.5497,26.4397,26.3848,26.3736,26.3997,26.4543,26.5335,26.6259,26.7440,26.8732,27.0079,27.1529,27.3052
50,1856,1044,1,27.0351,26.6679,26.4118,26.2405,26.1368,26.0869,26.0785,26.1064,26.1621,26.2347,26.3342,26.4477,26.5684,26.7018,26.8423,26.9852
50,1952,1098,1,26.2930,25.9690,25.7525,25.6184,25.5475,25.5246,25.5471,25.5986,25.6710,25.7690,25.8848,26.0083,26.1449,26.2888,26.4350,26.5871
50,2048,1152,0,26.0110,25.7118,25.5167,25.4015,25.3474,25.3426,25.3755,25.4361,25.5210,25.6306,25.7496,25.8821,26.0240,26.1690,26.3213,26.4816
50,2240,1260,0,25.3679,25.1053,24.9416,24.8525,24.8222,24.8358,24.8798,24.9579,25.0562,25.1675,25.2963,25.4308,25.5729,25.7265,25.8811,26.0358
50,2432,1368,0,24.9516,24.7264,24.5945,24.5333,24.5256,24.5538,24.6227,24.7121,24.8201,24.9433,25.0730,25.2182,25.3680,25.5193,25.6710,25.8224
50,2624,1476,0,24.5846,24.3864,24.2769,24.2349,24.2382,24.2872,24.3617,24.4595,24.5733,24.6977,24.8388,24.9837,25.1308,25.2791,25.4380,25.6011
50,2816,1584,0,24.3391,24.1642,24.0779,24.0508,24.0739,24.1315,24.2163,24.3203,24.4393,24.5747,24.7153,24.8592,25.0074,25.1695,25.3316,25.4929
50,3008,1692,0,24.1873,24.0352,23.9624,23.9472,23.9797,24.0427,24.1304,24.2358,24.3599,24.4908,24.6264,24.7714,24.9271,25.0835,25.2398,25.3956
50,3200,1800,0,24.0441,23.9062,23.8374,23.8347,23.8669,23.9326,24.0185,24.1281,24.2470,24.3727,24.5111,24.6597,24.8101,24.9614,25.1130,25.2644
50,3392,1908,0,24.0087,23.8818,23.8285,23.8266,23.8663,23.9300,24.0238,24.1301,24.2455,24.3754,24.5173,24.6621,24.8088,24.9568,25.1053,25.2540
50,3584,2016,0,23.9074,23.7854,23.7401,23.7415,23.7796,23.8494,23.9402,24.0436,24.1626,24.2977,24.4375,24.5808,24.7265,24.8738,25.0220,25.1709
50,3776,2124,0,23.8133,23.7008,23.6525,23.6558,23.6925,23.7605,23.8450,23.9449,24.0662,24.1940,24.3266,24.4627,24.6013,24.7416,24.8832,25.0254
100,3840,2160,0,25.9594,26.0051,26.0970,26.2265,26.3826,26.5599,26.7447,26.9433,27.1556,27.3675,27.5779,27.7860,27.9914,28.1939,28.3935,28.5901
100,1280,720,0,30.8554,30.4019,30.0803,29.8635,29.7318,29.6700,29.6688,29.7161,29.8087,29.9378,30.0985,30.2874,30.4971,30.7358,30.9874,31.2581
100,1376,774,0,30.2762,29.8711,29.5950,29.4213,29.3314,29.3112,29.3470,29.4344,29.5618,29.7247,29.9176,30.1380,30.3820,30.6448,30.9215,31.2060
100,1472,828,0,30.0062,29.6419,29.4046,29.2683,29.2133,29.2258,29.2955,29.4111,29.5669,29.7539,29.9742,30.2153,30.4796,30.7544,31.0437,31.3580
100,1568,882,0,29.8412,29.5152,29.3144,29.2123,29.1903,29.2331,29.3307,29.4727,29.6498,29.8637,30.1000,30.3595,30.6291,30.9220,31.2312,31.5434
100,1664,936,0,29.6007,29.3092,29.1400,29.0682,29.0739,29.1424,29.2618,29.4231,29.6231,29.8492,30.0996,30.3608,30.6509,30.9524,31.2566,31.5670
100,1760,990,0,29.5736,29.3124,29.1706,29.1231,29.1520,29.2407,29.3771,29.5546,29.7633,29.9988,30.2460,30.5240,30.8121,31.1024,31.4024,31.7075
100,1856,1044,0,29.3163,29.0762,28.9537,28.9214,28.9614,29.0592,29.2009,29.3817,29.5917,29.8165,30.0716,30.3392,30.6097,30.8919,31.1775,31.4591
100,1952,1098,0,28.4732,28.2821,28.2047,28.2148,28.2921,28.4196,28.5966,28.8025,29.0276,29.2796,29.5484,29.8197,30.1022,30.3875,30.6680,30.9497
100,1280,720,1,30.4768,30.0157,29.6857,29.4598,29.3185,29.2465,29.2346,29.2709,29.3518,29.4689,29.6172,29.7932,29.9897,30.2146,30.4522,30.7083
100,1472,828,1,29.7779,29.4058,29.1603,29.0151,28.9506,28.9532,29.0125,29.1172,29.2616,29.4367,29.6445,29.8728,30.1238,30.3849,30.6601,30.9596
100,1664,936,1,29.4126,29.1123,28.9338,28.8521,28.8472,28.9046,29.0124,29.1615,29.3488,29.5617,29.7986,30.0460,30.3216,30.6084,30.8978,31.1931
100,1760,990,1,29.4079,29.1381,28.9869,28.9296,28.9480,29.0257,29.1506,29.3162,29.5125,29.7353,29.9696,30.2341,30.5086,30.7852,31.0714,31.3626
100,1856,1044,1,29.1661,28.9175,28.7860,28.7443,28.7743,28.8617,28.9927,29.1624,29.3610,29.5743,29.8174,30.0731,30.3317,30.6019,30.8756,31.1456
100,1952,1098,1,28.3612,28.1632,28.0785,28.0810,28.1503,28.2695,28.4379,28.6350,28.8513,29.0942,29.3538,29.6161,29.8896,30.1660,30.4380,30.7113
100,2048,1152,0,28.1762,28.0138,27.9611,27.9928,28.0888,28.2365,28.4228,28.6361,28.8725,29.1342,29.3999,29.6762,29.9575,30.2346,30.5143,30.7980
100,2240,1260,0,27.6052,27.4860,27.4696,27.5300,27.6507,27.8148,28.0061,28.2315,28.4732,28.7215,28.9842,29.2445,29.5057,29.7744,30.0354,30.2876
100,2432,1368,0,27.1702,27.0878,27.1006,27.1847,27.3212,27.4894,27.6983,27.9216,28.1582,28.4042,28.6482,28.9039,29.1567,29.4021,29.6394,29.8683
100,2624,1476,0,26.7874,26.7321,26.7658,26.8658,27.0068,27.1923,27.3970,27.6197,27.8516,28.0862,28.3336,28.5761,28.8122,29.0413,29.2780,29.5137
100,2816,1584,0,26.5227,26.4887,26.5428,26.6520,26.8082,26.9932,27.1995,27.4179,27.6438,27.8811,28.1146,28.3430,28.5684,28.8061,29.0365,29.2595
100,3008,1692,0,26.3437,26.3344,26.4011,26.5206,26.6834,26.8697,27.0736,27.2875,27.5145,27.7393,27.9602,28.1851,28.4171,28.6427,28.8618,29.0745
100,3200,1800,0,26.1651,26.1697,26.2369,26.3679,26.5254,26.7102,26.9067,27.1217,27.3371,27.5506,27.7722,27.9996,28.2218,28.4385,28.6496,28.8555
100,3392,1908,0,26.1063,26.1232,26.2088,26.3389,26.5046,26.6850,26.8909,27.1002,27.3098,27.5289,27.7555,27.9779,28.1956,28.4086,28.6168,28.8205
100,3584,2016,0,26.0513,26.0742,26.1691,26.3015,26.4620,26.6474,26.8455,27.0468,27.2574,27.4798,27.6995,27.9159,28.1284,28.3369,28.5415,28.7423
100,3776,2124,0,25.9514,25.9851,26.0741,26.2073,26.3647,26.5467,26.7356,26.9322,27.1472,27.3610,27.5727,27.7814,27.9870,28.1893,28.3884,28.5843
150,3840,2160,0,27.5128,27.6738,27.8687,28.0912,28.3308,28.5836,28.8348,29.0937,29.3619,29.6228,29.8762,30.1221,30.3608,30.5928,30.8185,31.0385
150,1280,720,0,33.2590,32.8383,32.5541,32.3780,32.2900,32.2740,32.3207,32.4173,32.5606,32.7414,32.9544,33.1962,33.4585,33.7515,34.0566,34.3814
150,1376,774,0,32.1688,31.7972,31.5581,31.4241,31.3764,31.4006,31.4824,31.6178,31.7944,32.0078,32.2523,32.5256,32.8236,33.1414,33.4737,33.8135
150,1472,828,0,31.5829,31.2557,31.0586,30.9651,30.9552,31.0151,31.1344,31.3015,31.5106,31.7524,32.0298,32.3292,32.6539,32.9898,33.3417,33.7222
150,1568,882,0,31.2073,30.9255,30.7724,30.7212,30.7530,30.8528,31.0100,31.2146,31.4567,31.7391,32.0461,32.3792,32.7238,33.0956,33.4869,33.8826
150,1664,936,0,30.8852,30.6459,30.5328,30.5208,30.5900,30.7257,30.9158,31.1512,31.4293,31.7367,32.0719,32.4198,32.8020,33.1988,33.5999,34.0096
150,1760,990,0,30.8783,30.6806,30.6068,30.6320,30.7381,30.9085,31.1306,31.3984,31.7011,32.0348,32.3820,32.7662,33.1633,33.5637,33.9767,34.3968
150,1856,1044,0,30.6146,30.4457,30.3996,30.4485,30.5745,30.7631,30.9998,31.2802,31.5937,31.9240,32.2902,32.6717,33.0566,33.4560,33.8595,34.2576
150,1952,1098,0,29.7736,29.6629,29.6716,29.7732,29.9469,30.1752,30.4586,30.7744,31.1115,31.4798,31.8680,32.2583,32.6618,33.0676,33.4660,33.8641
150,1280,720,1,32.1749,31.7394,31.4382,31.2435,31.1355,31.0986,31.1235,31.1976,31.3179,31.4752,31.6647,31.8828,32.1217,32.3906,32.6722,32.9734
150,1472,828,1,31.0125,30.6737,30.4639,30.3569,30.3329,30.3779,30.4818,30.6331,30.8259,31.0510,31.3112,31.5932,31.8999,32.2178,32.5512,32.9124
150,1664,936,1,30.5390,30.2879,30.1621,30.1366,30.1914,30.3118,30.4860,30.7046,30.9651,31.2541,31.5701,31.8984,32.2596,32.6346,33.0135,33.4002
150,1760,990,1,30.5957,30.3856,30.2984,30.3092,30.4001,30.5542,30.7592,31.0087,31.2923,31.6059,31.9324,32.2944,32.6685,33.0452,33.4337,33.8285
150,1856,1044,1,30.3697,30.1885,30.1292,30.1641,30.2750,30.4477,30.6676,30.9303,31.2252,31.5364,31.8823,32.2428,32.6063,32.9835,33.3644,33.7399
150,1952,1098,1,29.5665,29.4437,29.4395,29.5272,29.6862,29.8989,30.1658,30.4642,30.7835,31.1331,31.5018,31.8724,32.2556,32.6409,33.0190,33.3968
150,2048,1152,0,29.4821,29.4070,29.4475,29.5781,29.7779,30.0345,30.3337,30.6628,31.0180,31.4026,31.7905,32.1902,32.5945,32.9911,33.3887,33.7888
150,2240,1260,0,28.9897,28.9721,29.0631,29.2360,29.4738,29.7585,30.0715,30.4223,30.7896,31.1613,31.5475,31.9262,32.3015,32.6821,33.0471,33.3950
150,2432,1368,0,28.5809,28.6073,28.7337,28.9353,29.1921,29.4805,29.8129,30.1575,30.5131,30.8751,31.2284,31.5911,31.9439,32.2809,32.6009,32.9037
150,2624,1476,0,28.2829,28.3420,28.4930,28.7123,28.9714,29.2765,29.5971,29.9324,30.2714,30.6063,30.9504,31.2806,31.5955,31.8944,32.1968,32.4921
150,2816,1584,0,28.0522,28.1339,28.3060,28.5320,28.8041,29.1016,29.4161,29.7367,30.0583,30.3862,30.7014,31.0025,31.2928,31.5928,31.8777,32.1481
150,3008,1692,0,27.8887,27.9978,28.1821,28.4165,28.6917,28.9845,29.2890,29.5960,29.9105,30.2136,30.5037,30.7916,31.0824,31.3593,31.6228,31.8737
150,3200,1800,0,27.7037,27.8248,28.0042,28.2462,28.5075,28.7905,29.0773,29.3772,29.6683,29.9488,30.2320,30.5159,30.7874,31.0469,31.2952,31.5330
150,3392,1908,0,27.6599,27.7905,27.9856,28.2192,28.4824,28.7513,29.0407,29.3242,29.5992,29.8782,30.1597,30.4299,30.6892,30.9384,31.1782,31.4094
150,3584,2016,0,27.6205,27.7535,27.9540,28.1836,28.4331,28.7007,28.9729,29.2393,29.5090,29.7861,30.0536,30.3116,30.5605,30.8009,31.0334,31.2588
150,3776,2124,0,27.5060,27.6481,27.8370,28.0627,28.3035,28.5622,28.8186,29.0753,29.3469,29.6104,29.8656,30.1125,30.3517,30.5836,30.8089,31.0283
200,3840,2160,0,28.7745,29.0407,29.3292,29.6352,29.9490,30.2677,30.5757,30.8852,31.1991,31.4992,31.7859,32.0603,32.3234,32.5763,32.8202,33.0561
200,1280,720,0,35.8538,35.4726,35.2335,35.1067,35.0711,35.1098,35.2133,35.3674,35.5694,35.8086,36.0796,36.3786,36.6960,37.0447,37.4024,37.7788
200,1376,774,0,34.5197,34.1838,33.9848,33.8942,33.8923,33.9643,34.0946,34.2799,34.5063,34.7693,35.0628,35.3847,35.7304,36.0946,36.4717,36.8540
200,1472,828,0,33.4571,33.1615,32.9990,32.9425,32.9713,33.0712,33.2316,33.4401,33.6911,33.9744,34.2938,34.6346,35.0006,35.3764,35.7679,36.1895
200,1568,882,0,32.7625,32.5113,32.3912,32.3749,32.4433,32.5807,32.7767,33.0207,33.3026,33.6259,33.9737,34.3482,34.7335,35.1475,35.5820,36.0205
200,1664,936,0,32.1884,31.9806,31.9015,31.9257,32.0328,32.2081,32.4392,32.7169,33.0390,33.3914,33.7730,34.1675,34.5993,35.0469,35.4995,35.9619
200,1760,990,0,32.0328,31.8714,31.8364,31.9028,32.0526,32.2687,32.5386,32.8564,33.2111,33.5990,34.0014,34.4448,34.9028,35.3653,35.8429,36.3296
200,1856,1044,0,31.6693,31.5413,31.5392,31.6349,31.8105,32.0514,32.3430,32.6811,33.0551,33.4475,33.8799,34.3301,34.7851,35.2577,35.7363,36.2103
200,1952,1098,0,30.7873,30.7246,30.7849,30.9417,31.1739,31.4637,31.8126,32.1968,32.6046,33.0476,33.5137,33.9834,34.4692,34.9592,35.4418,35.9252
200,1280,720,1,34.0777,33.6676,33.3956,33.2328,33.1590,33.1577,33.2197,33.3317,33.4907,33.6871,33.9156,34.1726,34.4495,34.7574,35.0765,35.4151
200,1472,828,1,32.3258,32.0100,31.8253,31.7450,31.7488,31.8229,31.9567,32.1383,32.3622,32.6185,32.9106,33.2246,33.5637,33.9136,34.2794,34.6743
200,1664,936,1,31.4926,31.2690,31.1727,31.1787,31.2668,31.4222,31.6328,31.8896,32.1900,32.5202,32.8792,33.2512,33.6591,34.0823,34.5104,34.9479
200,1760,990,1,31.5074,31.3306,31.2791,31.3281,31.4594,31.6562,31.9059,32.2026,32.5354,32.9004,33.2794,33.6977,34.1299,34.5659,35.0158,35.4739
200,1856,1044,1,31.2261,31.0826,31.0637,31.1418,31.2986,31.5198,31.7907,32.1071,32.4583,32.8273,33.2347,33.6590,34.0875,34.5323,34.9824,35.4273
200,1952,1098,1,30.4416,30.3644,30.4092,30.5493,30.7640,31.0353,31.3645,31.7281,32.1145,32.5349,32.9773,33.4226,33.8830,34.3467,34.8029,35.2592
200,2048,1152,0,30.4739,30.4531,30.5519,30.7449,31.0110,31.3379,31.7111,32.1175,32.5532,33.0231,33.4978,33.9871,34.4831,34.9713,35.4616,35.9556
200,2240,1260,0,29.9651,30.0141,30.1768,30.4263,30.7456,31.1162,31.5182,31.9632,32.4276,32.8976,33.3850,33.8639,34.3385,34.8189,35.2792,35.7167
200,2432,1368,0,29.6168,29.7239,29.9364,30.2291,30.5814,30.9678,31.4031,31.8516,32.3117,32.7778,33.2314,33.6942,34.1417,34.5664,34.9661,35.3400
200,2624,1476,0,29.3818,29.5320,29.7790,30.0985,30.4597,30.8706,31.2965,31.7367,32.1779,32.6102,33.0495,33.4673,33.8612,34.2300,34.5981,34.9522
200,2816,1584,0,29.1923,29.3725,29.6476,29.9783,30.3572,30.7608,31.1797,31.6009,32.0179,32.4373,32.8354,33.2103,33.5660,33.9282,34.2663,34.5816
200,3008,1692,0,29.0614,29.2741,29.5640,29.9044,30.2854,30.6808,31.0835,31.4826,31.8843,32.2652,32.6238,32.9735,33.3207,33.6457,33.9496,34.2341
200,3200,1800,0,28.9080,29.1332,29.4148,29.7599,30.1194,30.4963,30.8699,31.2519,31.6159,31.9601,32.3012,32.6373,32.9530,33.2498,33.5292,33.7928
200,3392,1908,0,28.9022,29.1357,29.4314,29.7609,30.1152,30.4668,30.8341,31.1861,31.5200,31.8521,32.1810,32.4911,32.7837,33.0606,33.3233,33.5736
200,3584,2016,0,28.8819,29.1153,29.4130,29.7324,30.0641,30.4071,30.7465,31.0710,31.3921,31.7159,32.0230,32.3144,32.5914,32.8556,33.1082,33.3507
200,3776,2124,0,28.7738,29.0146,29.2947,29.6048,29.9211,30.2485,30.5642,30.8726,31.1921,31.4966,31.7865,32.0631,32.3274,32.5810,32.8250,33.0606
250,3840,2160,0,29.8548,30.2247,30.6060,30.9948,31.3816,31.7645,32.1264,32.4829,32.8382,33.1721,33.4865,33.7834,34.0648,34.3326,34.5887,34.8346
250,1280,720,0,38.0390,37.7040,37.5162,37.4450,37.4683,37.5682,37.7349,37.9529,38.2195,38.5228,38.8568,39.2171,39.5931,39.9995,40.4109,40.8386
250,1376,774,0,36.6187,36.3247,36.1719,36.1309,36.1814,36.3076,36.4929,36.7341,37.0160,37.3336,37.6804,38.0542,38.4500,38.8622,39.2843,39.7082
250,1472,828,0,35.5448,35.2894,35.1710,35.1615,35.2393,35.3896,35.6012,35.8608,36.1625,36.4952,36.8638,37.2516,37.6636,38.0826,38.5156,38.9793
250,1568,882,0,34.5710,34.3545,34.2719,34.2951,34.4044,34.5835,34.8215,35.1075,35.4304,35.7949,36.1825,36.5960,37.0182,37.4693,37.9404,38.4137
250,1664,936,0,33.7580,33.5816,33.5361,33.5957,33.7394,33.9519,34.2205,34.5357,34.8956,35.2850,35.7034,36.1332,36.6015,37.0851,37.5724,38.0690
250,1760,990,0,33.3613,33.2302,33.2275,33.3277,33.5127,33.7648,34.0712,34.4260,34.8181,35.2438,35.6831,36.1654,36.6624,37.1633,37.6801,38.2064
250,1856,1044,0,32.7609,32.6619,32.6906,32.8187,33.0281,33.3039,33.6313,34.0065,34.4186,34.8492,35.3221,35.8138,36.3108,36.8270,37.3504,37.8694
250,1952,1098,0,31.7421,31.7113,31.8056,31.9982,32.2680,32.5966,32.9866,33.4130,33.8641,34.3527,34.8663,35.3843,35.9205,36.4622,36.9972,37.5342
250,1280,720,1,35.9692,35.5898,35.3523,35.2273,35.1934,35.2338,35.3389,35.4944,35.6976,35.9379,36.2099,36.5095,36.8274,37.1763,37.5340,37.9102
250,1472,828,1,33.7639,33.4729,33.3155,33.2644,33.2987,33.4043,33.5704,33.7846,34.0410,34.3296,34.6543,34.9999,35.3707,35.7509,36.1465,36.5722
250,1664,936,1,32.6123,32.4116,32.3399,32.3720,32.4871,32.6704,32.9095,33.1951,33.5251,33.8851,34.2742,34.6758,35.1148,35.5695,36.0287,36.4976
250,1760,990,1,32.4334,32.2805,32.2546,32.3305,32.4900,32.7161,32.9961,33.3241,33.6891,34.0873,34.4998,34.9538,35.4224,35.8954,36.3837,36.8812
250,1856,1044,1,32.0546,31.9365,31.9448,32.0516,32.2386,32.4913,32.7950,33.1456,33.5325,33.9379,34.3840,34.8482,35.3176,35.8051,36.2992,36.7886
250,1952,1098,1,31.2082,31.1600,31.2358,31.4088,31.6582,31.9657,32.3333,32.7368,33.1643,33.6282,34.1159,34.6076,35.1163,35.6297,36.1360,36.6435
250,2048,1152,0,31.3936,31.4078,31.5439,31.7763,32.0838,32.4542,32.8729,33.3263,33.8112,34.3330,34.8607,35.4054,35.9585,36.5045,37.0541,37.6092
250,2240,1260,0,30.7798,30.8747,31.0868,31.3893,31.7653,32.1959,32.6607,33.1729,33.7075,34.2497,34.8129,35.3683,35.9204,36.4804,37.0184,37.5306
250,2432,1368,0,30.4154,30.5800,30.8545,31.2139,31.6372,32.0978,32.6128,33.1435,33.6884,34.2412,34.7805,35.3307,35.8634,36.3686,36.8431,37.2849
250,2624,1476,0,30.2033,30.4208,30.7399,31.1364,31.5778,32.0742,32.5875,33.1172,33.6480,34.1681,34.6954,35.1963,35.6668,36.1049,36.5388,36.9526
250,2816,1584,0,30.0740,30.3319,30.6898,31.1067,31.5754,32.0707,32.5819,33.0940,33.5993,34.1046,34.5818,35.0278,35.4469,35.8692,36.2587,36.6171
250,3008,1692,0,29.9959,30.2958,30.6766,31.1100,31.5863,32.0758,32.5704,33.0570,33.5422,33.9985,34.4231,34.8320,35.2329,35.6025,35.9429,36.2565
250,3200,1800,0,29.8668,30.1839,30.5581,30.9987,31.4510,31.9188,32.3778,32.8414,33.2786,33.6870,34.0863,34.4745,34.8338,35.1665,35.4750,35.7620
250,3392,1908,0,29.9066,30.2385,30.6332,31.0597,31.5083,31.9473,32.3981,32.8241,33.2223,33.6118,33.9917,34.3440,34.6712,34.9759,35.2609,35.5288
250,3584,2016,0,29.9461,30.2779,30.6726,31.0828,31.4984,31.9186,32.3265,32.7092,33.0808,33.4492,33.7926,34.1132,34.4133,34.6957,34.9625,35.2158
250,3776,2124,0,29.8617,30.1992,30.5695,30.9634,31.3547,31.7498,32.1232,32.4806,32.8446,33.1856,33.5054,33.8061,34.0900,34.3594,34.6162,34.8622
300,3840,2160,0,30.7693,31.2418,31.7170,32.1910,32.6537,33.1036,33.5219,33.9269,34.3244,34.6921,35.0332,35.3509,35.6483,35.9285,36.1938,36.4467
300,1280,720,0,39.8620,39.5795,39.4502,39.4425,39.5336,39.7050,39.9466,40.2412,40.5864,40.9687,41.3810,41.8184,42.2684,42.7478,43.2272,43.7195
300,1376,774,0,38.4760,38.2304,38.1308,38.1466,38.2567,38.4447,38.6926,38.9973,39.3418,39.7210,40.1271,40.5580,41.0083,41.4714,41.9405,42.4065
300,1472,828,0,37.3599,37.1489,37.0788,37.1204,37.2512,37.4556,37.7220,38.0358,38.3908,38.7747,39.1934,39.6284,40.0855,40.5457,41.0172,41.5188
300,1568,882,0,36.3187,36.1417,36.1017,36.1695,36.3248,36.5503,36.8350,37.1667,37.5340,37.9422,38.3712,38.8245,39.2835,39.7707,40.2766,40.7820
300,1664,936,0,35.4499,35.3106,35.3047,35.4060,35.5923,35.8477,36.1589,36.5160,36.9173,37.3466,37.8034,38.2690,38.7736,39.2920,39.8115,40.3389
300,1760,990,0,34.8421,34.7436,34.7753,34.9114,35.1330,35.4218,35.7647,36.1557,36.5831,37.0434,37.5155,38.0313,38.5608,39.0925,39.6395,40.1954
300,1856,1044,0,34.0226,33.9529,34.0125,34.1726,34.4147,34.7236,35.0839,35.4923,35.9372,36.3996,36.9054,37.4297,37.9582,38.5064,39.0614,39.6110
300,1952,1098,0,32.8720,32.8723,32.9994,33.2259,33.5301,33.8933,34.3187,34.7803,35.2659,35.7897,36.3387,36.8913,37.4626,38.0391,38.6079,39.1785
300,1280,720,1,37.6512,37.3064,37.1077,37.0244,37.0348,37.1212,37.2739,37.4775,37.7294,38.0181,38.3375,38.6835,39.0456,39.4383,39.8369,40.2523
300,1472,828,1,35.2890,35.0272,34.9017,34.8847,34.9544,35.0963,35.2992,35.5501,35.8429,36.1668,36.5265,36.9057,37.3091,37.7198,38.1447,38.6001
300,1664,936,1,33.7556,33.5780,33.5311,33.5893,33.7314,33.9420,34.2088,34.5219,34.8797,35.2669,35.6829,36.1103,36.5760,37.0569,37.5414,38.0352
300,1760,990,1,33.4498,33.3192,33.3170,33.4177,33.6029,33.8551,34.1615,34.5161,34.9077,35.3326,35.7711,36.2522,36.7477,37.2471,37.7619,38.2860
300,1856,1044,1,32.9209,32.8239,32.8546,32.9847,33.1959,33.4735,33.8024,34.1789,34.5921,35.0237,35.4973,35.9896,36.4869,37.0032,37.5265,38.0452
300,1952,1098,1,32.0299,32.0059,32.1073,32.3071,32.5840,32.9197,33.3168,33.7501,34.2078,34.7030,35.2230,35.7471,36.2894,36.8371,37.3776,37.9201
300,2048,1152,0,32.3707,32.4143,32.5811,32.8454,33.1855,33.5893,34.0420,34.5296,35.0493,35.6074,36.1713,36.7531,37.3441,37.9279,38.5161,39.1107
300,2240,1260,0,31.5804,31.7066,31.9521,32.2897,32.7026,33.1718,33.6765,34.2311,34.8100,35.3978,36.0091,36.6134,37.2155,37.8276,38.4174,38.9803
300,2432,1368,0,31.1588,31.3645,31.6832,32.0897,32.5631,33.0761,33.6477,34.2372,34.8434,35.4597,36.0628,36.6791,37.2772,37.8455,38.3794,38.8761
300,2624,1476,0,30.9003,31.1693,31.5440,32.0003,32.5045,33.0686,33.6522,34.2550,34.8604,35.4548,36.0582,36.6320,37.1710,37.6719,38.1663,38.6355
300,2816,1584,0,30.7747,31.0933,31.5171,32.0037,32.5466,33.1190,33.7096,34.3020,34.8868,35.4713,36.0229,36.5372,37.0182,37.4998,37.9406,38.3423
300,3008,1692,0,30.7277,31.0973,31.5521,32.0633,32.6210,33.1932,33.7704,34.3379,34.9022,35.4314,35.9215,36.3900,36.8456,37.2616,37.6403,37.9847
300,3200,1800,0,30.6276,31.0199,31.4715,31.9936,32.5270,33.0757,33.6124,34.1514,34.6572,35.1263,35.5808,36.0185,36.4190,36.7853,37.1207,37.4285
300,3392,1908,0,30.7351,31.1525,31.6348,32.1488,32.6840,33.2044,33.7337,34.2298,34.6886,35.1320,35.5589,35.9492,36.3063,36.6340,36.9361,37.2163
300,3584,2016,0,30.8212,31.2423,31.7270,32.2235,32.7202,33.2163,33.6922,34.1332,34.5556,34.9685,35.3480,35.6972,36.0198,36.3193,36.5992,36.8622
300,3776,2124,0,30.7778,31.2096,31.6700,32.1493,32.6183,33.0842,33.5182,33.9272,34.3375,34.7160,35.0657,35.3898,35.6919,35.9753,36.2428,36.4967
350,3840,2160,0,31.5522,32.1178,32.6794,33.2321,33.7652,34.2770,34.7467,35.1953,35.6296,36.0259,36.3884,36.7218,37.0305,37.3185,37.5890,37.8449
350,1280,720,0,41.2693,41.0362,40.9622,41.0153,41.1726,41.4150,41.7324,42.1066,42.5354,43.0038,43.5038,44.0297,44.5667,45.1339,45.6969,46.2699
350,1376,774,0,40.0091,39.8150,39.7721,39.8491,40.0244,40.2809,40.5994,40.9767,41.3940,41.8454,42.3222,42.8217,43.3375,43.8622,44.3879,44.9047
350,1472,828,0,39.0344,38.8748,38.8606,38.9617,39.1543,39.4222,39.7528,40.1303,40.5477,40.9914,41.4681,41.9570,42.4647,42.9702,43.4829,44.0236
350,1568,882,0,37.9399,37.8072,37.8149,37.9327,38.1393,38.4166,38.7527,39.1349,39.5506,40.0059,40.4791,40.9740,41.4706,41.9939,42.5336,43.0692
350,1664,936,0,37.0588,36.9610,36.9992,37.1463,37.3792,37.6811,38.0381,38.4394,38.8839,39.3537,39.8489,40.3491,40.8879,41.4379,41.9858,42.5392
350,1760,990,0,36.3126,36.2501,36.3198,36.4950,36.7562,37.0844,37.4656,37.8940,38.3572,38.8518,39.3554,39.9029,40.4621,41.0211,41.5942,42.1747
350,1856,1044,0,35.4029,35.3665,35.4612,35.6574,35.9357,36.2810,36.6768,37.1201,37.5991,38.0934,38.6316,39.1871,39.7449,40.3219,40.9046,41.4799
350,1952,1098,0,34.0483,34.0809,34.2416,34.5023,34.8409,35.2379,35.6974,36.1918,36.7088,37.2640,37.8438,38.4254,39.0254,39.6296,40.2244,40.8200
350,1280,720,1,39.1773,38.8727,38.7186,38.6839,38.7460,38.8866,39.0956,39.3567,39.6671,40.0143,40.3914,40.7939,41.2101,41.6559,42.1038,42.5659
350,1472,828,1,36.7330,36.5044,36.4152,36.4365,36.5460,36.7286,36.9728,37.2645,37.5976,37.9602,38.3580,38.7731,39.2110,39.6534,40.1081,40.5931
350,1664,936,1,35.0445,34.8942,34.8766,34.9654,35.1388,35.3810,35.6790,36.0228,36.4108,36.8269,37.2708,37.7240,38.2158,38.7216,39.2291,39.7446
350,1760,990,1,34.5104,34.4032,34.4256,34.5518,34.7633,35.0418,35.3742,35.7548,36.1718,36.6217,37.0838,37.5893,38.1085,38.6303,39.1675,39.7136
350,1856,1044,1,33.8338,33.7583,33.8117,33.9654,34.2007,34.5029,34.8563,35.2576,35.6955,36.1510,36.6496,37.1666,37.6879,38.2287,38.7764,39.3186
350,1952,1098,1,32.8990,32.8987,33.0249,33.2502,33.5532,33.9149,34.3386,34.7983,35.2818,35.8033,36.3498,36.8996,37.4679,38.0414,38.6069,39.1740
350,2048,1152,0,33.4560,33.5300,33.7284,34.0247,34.3968,34.8326,35.3167,35.8349,36.3846,36.9730,37.5659,38.1762,38.7952,39.4056,40.0199,40.6402
350,2240,1260,0,32.4318,32.5859,32.8603,33.2276,33.6710,34.1713,34.7070,35.2941,35.9060,36.5272,37.1732,37.8123,38.4497,39.0986,39.7248,40.3232
350,2432,1368,0,31.8619,32.0980,32.4488,32.8892,33.3983,33.9481,34.5596,35.1905,35.8400,36.5015,37.1505,37.8151,38.4617,39.0775,39.6570,40.1965
350,2624,1476,0,31.5563,31.8641,32.2804,32.7813,33.3324,33.9471,34.5836,35.2419,35.9045,36.5570,37.2205,37.8529,38.4478,39.0007,39.5456,40.0616
350,2816,1584,0,31.4005,31.7674,32.2438,32.7864,33.3892,34.0247,34.6812,35.3408,35.9934,36.6464,37.2633,37.8382,38.3745,38.9095,39.3965,39.8371
350,3008,1692,0,31.3385,31.7654,32.2821,32.8591,33.4869,34.1317,34.7833,35.4248,36.0632,36.6621,37.2158,37.7430,38.2531,38.7158,39.1332,39.5089
350,3200,1800,0,31.2647,31.7209,32.2391,32.8324,33.4381,34.0601,34.6684,35.2780,35.8489,36.3762,36.8840,37.3693,37.8095,38.2080,38.5686,38.8958
350,3392,1908,0,31.4116,31.9003,32.4572,33.0473,33.6597,34.2544,34.8571,35.4202,35.9381,36.4350,36.9093,37.3387,37.7271,38.0794,38.4003,38.6946
350,3584,2016,0,31.5398,32.0403,32.6070,33.1842,33.7588,34.3293,34.8732,35.3735,35.8479,36.3069,36.7236,37.1022,37.4476,37.7643,38.0568,38.3289
350,3776,2124,0,31.5626,32.0791,32.6217,33.1798,33.7210,34.2530,34.7434,35.1998,35.6518,36.0632,36.4380,36.7808,37.0963,37.3890,37.6626,37.9202
400,3840,2160,0,32.2122,32.8633,33.5064,34.1356,34.7386,35.3136,35.8371,36.3322,36.8068,37.2349,37.6220,37.9741,38.2969,38.5952,38.8732,39.1344
400,1280,720,0,42.4594,42.2671,42.2387,42.3424,42.5552,42.8578,43.2406,43.6845,44.1877,44.7345,45.3161,45.9262,46.5480,47.2024,47.8504,48.5070
400,1376,774,0,41.2551,41.1096,41.1209,41.2573,41.4970,41.8226,42.2138,42.6677,43.1638,43.6954,44.2527,44.8321,45.4261,46.0258,46.6217,47.2022
400,1472,828,0,40.3750,40.2667,40.3088,40.4704,40.7271,41.0618,41.4613,41.9083,42.3951,42.9064,43.4494,44.0007,44.5675,45.1263,45.6876,46.2740
400,1568,882,0,39.4132,39.3315,39.3942,39.5698,39.8363,40.1743,40.5713,41.0130,41.4859,41.9967,42.5213,43.0642,43.6033,44.1663,44.7421,45.3086
400,1664,936,0,38.4952,38.4411,38.5256,38.7207,39.0022,39.3525,39.7566,40.2033,40.6913,41.2016,41.7344,42.2682,42.8390,43.4178,43.9907,44.5661
400,1760,990,0,37.6942,37.6715,37.7829,38.0008,38.3051,38.6758,39.0981,39.5662,40.0668,40.5968,41.1321,41.7107,42.2982,42.8823,43.4786,44.0802
400,1856,1044,0,36.7334,36.7322,36.8636,37.0970,37.4125,37.7943,38.2252,38.7025,39.2138,39.7376,40.3050,40.8879,41.4705,42.0712,42.6758,43.2708
400,1952,1098,0,35.2742,35.3432,35.5416,35.8406,36.2170,36.6505,37.1462,37.6749,38.2237,38.8099,39.4193,40.0280,40.6538,41.2821,41.8983,42.5138
400,1280,720,1,40.4028,40.1373,40.0269,40.0400,40.1536,40.3490,40.6160,40.9370,41.3097,41.7201,42.1608,42.6264,43.1039,43.6107,44.1160,44.6330
400,1472,828,1,38.0452,37.8521,37.8014,37.8633,38.0149,38.2405,38.5280,38.8624,39.2373,39.6401,40.0768,40.5283,41.0006,41.4743,41.9580,42.4709
400,1664,936,1,36.2093,36.0873,36.0998,36.2199,36.4253,36.6995,37.0290,37.4035,37.8216,38.2665,38.7378,39.2163,39.7334,40.2630,40.7924,41.3286
400,1760,990,1,35.6068,35.5250,35.5741,35.7279,35.9672,36.2734,36.6329,37.0399,37.4823,37.9566,38.4412,38.9694,39.5101,40.0516,40.6077,41.1718
400,1856,1044,1,34.8514,34.7998,34.8784,35.0578,35.3192,35.6474,36.0263,36.4527,36.9151,37.3936,37.9155,38.4551,38.9976,39.5593,40.1270,40.6881
400,1952,1098,1,33.7684,33.7919,33.9429,34.1936,34.5220,34.9088,35.3579,35.8422,36.3492,36.8943,37.4641,38.0360,38.6262,39.2209,39.8065,40.3931
400,2048,1152,0,34.6382,34.7472,34.9814,35.3138,35.7215,36.1921,36.7098,37.2599,37.8401,38.4585,39.0791,39.7160,40.3602,40.9935,41.6295,42.2704
400,2240,1260,0,33.3894,33.5724,33.8763,34.2730,34.7457,35.2745,35.8377,36.4525,37.0913,37.7383,38.4101,39.0736,39.7346,40.4069,41.0549,41.6733
400,2432,1368,0,32.5853,32.8482,33.2268,33.6959,34.2344,34.8140,35.4570,36.1200,36.8026,37.4983,38.1817,38.8827,39.5658,40.2173,40.8312,41.4032
400,2624,1476,0,32.1839,32.5216,32.9696,33.5039,34.0898,34.7419,35.4174,36.1168,36.8221,37.5182,38.2274,38.9049,39.5432,40.1371,40.7224,41.2764
400,2816,1584,0,31.9817,32.3855,32.9017,33.4865,34.1346,34.8178,35.5245,36.2361,36.9416,37.6488,38.3182,38.9425,39.5246,40.1045,40.6309,41.1047
400,3008,1692,0,31.8934,32.3666,32.9335,33.5642,34.2500,34.9555,35.6701,36.3756,37.0789,37.7399,38.3511,38.9319,39.4923,39.9979,40.4508,40.8548
400,3200,1800,0,31.8277,32.3370,32.9112,33.5650,34.2327,34.9186,35.5904,36.2635,36.8938,37.4750,38.0328,38.5634,39.0418,39.4714,39.8569,40.2032
400,3392,1908,0,31.9880,32.5379,33.1599,33.8179,34.5004,35.1644,35.8367,36.4646,37.0410,37.5914,38.1139,38.5832,39.0040,39.3818,39.7224,40.0314
400,3584,2016,0,32.1753,32.7474,33.3890,34.0411,34.6889,35.3303,35.9396,36.4971,37.0218,37.5249,37.9772,38.3833,38.7495,39.0814,39.3846,39.6638
400,3776,2124,0,32.2266,32.8191,33.4371,34.0691,34.6796,35.2765,35.8233,36.3283,36.8239,37.2703,37.6726,38.0365,38.3680,38.6724,38.9546,39.2183
450,3840,2160,0,32.7995,33.5314,34.2530,34.9570,35.6296,36.2677,36.8450,37.3863,37.9002,38.3587,38.7683,39.1366,39.4705,39.7761,40.0584,40.3217
450,1280,720,0,43.5414,43.3812,43.3892,43.5334,43.7909,44.1427,44.5793,45.0814,45.6478,46.2619,46.9150,47.6001,48.2991,49.0343,49.7626,50.4995
450,1376,774,0,42.3235,42.2196,42.2774,42.4651,42.7611,43.1478,43.6044,44.1285,44.6980,45.3060,45.9414,46.6000,47.2729,47.9494,48.6182,49.2656
450,1472,828,0,41.5128,41.4538,41.5506,41.7720,42.0930,42.4962,42.9679,43.4893,44.0520,44.6388,45.2572,45.8810,46.5173,47.1396,47.7590,48.3999
450,1568,882,0,40.6398,40.6091,40.7274,40.9623,41.2910,41.6929,42.1546,42.6607,43.1958,43.7675,44.3488,44.9444,45.5302,46.1362,46.7502,47.3486
450,1664,936,0,39.7526,39.7461,39.8814,40.1294,40.4651,40.8695,41.3268,41.8248,42.3621,42.9179,43.4928,44.0634,44.6688,45.2778,45.8760,46.4727
450,1760,990,0,39.0551,39.0779,39.2368,39.5034,39.8568,40.2755,40.7440,41.2560,41.7974,42.3650,42.9332,43.5431,44.1579,44.7650,45.3813,45.9999
450,1856,1044,0,37.9848,38.0212,38.1918,38.4647,38.8195,39.2395,39.7068,40.2189,40.7628,41.3158,41.9116,42.5202,43.1255,43.7471,44.3703,44.9812
450,1952,1098,0,36.4166,36.5233,36.7607,37.0989,37.5138,37.9843,38.5162,39.0785,39.6580,40.2736,40.9105,41.5436,42.1923,42.8412,43.4755,44.1072
450,1280,720,1,41.5061,41.2792,41.2121,41.2728,41.4383,41.6896,42.0165,42.4008,42.8402,43.3196,43.8310,44.3684,44.9168,45.4957,46.0698,46.6537
450,1472,828,1,39.2440,39.0901,39.0820,39.1895,39.3887,39.6633,40.0007,40.3848,40.8086,41.2583,41.7407,42.2347,42.7471,43.2568,43.7730,44.3169
450,1664,936,1,37.3696,37.2793,37.3254,37.4804,37.7212,38.0308,38.3950,38.8031,39.2539,39.7293,40.2296,40.7342,41.2769,41.8302,42.3807,42.9361
450,1760,990,1,36.6620,36.6075,36.6853,36.8685,37.1378,37.4735,37.8619,38.2969,38.7661,39.2661,39.7741,40.3259,40.8885,41.4502,42.0255,42.6077
450,1856,1044,1,35.8019,35.7741,35.8777,36.0825,36.3694,36.7228,37.1262,37.5766,38.0621,38.5620,39.1056,39.6657,40.2274,40.8078,41.3933,41.9707
450,1952,1098,1,34.7024,34.7523,34.9308,35.2093,35.5652,35.9788,36.4544,36.9638,37.4943,38.0623,38.6541,39.2462,39.8559,40.4686,41.0705,41.6721
450,2048,1152,0,35.7000,35.8448,36.1158,36.4851,36.9292,37.4354,37.9872,38.5695,39.1804,39.8289,40.4770,41.1402,41.8091,42.4648,43.1217,43.7824
450,2240,1260,0,34.2782,34.4901,34.8234,35.2493,35.7509,36.3079,36.8980,37.5396,38.2045,38.8762,39.5726,40.2593,40.9424,41.6368,42.3053,42.9421
450,2432,1368,0,33.3626,33.6520,34.0574,34.5534,35.1186,35.7242,36.3939,37.0830,37.7916,38.5132,39.2217,39.9483,40.6562,41.3310,41.9663,42.5574
450,2624,1476,0,32.8223,33.1869,33.6628,34.2259,34.8412,35.5245,36.2320,36.9648,37.7046,38.4357,39.1815,39.8951,40.5684,41.1953,41.8137,42.3988
450,2816,1584,0,32.5232,32.9561,33.5034,34.1208,34.8038,35.5238,36.2694,37.0214,37.7686,38.5192,39.2312,39.8962,40.5167,41.1347,41.6949,42.1979
450,3008,1692,0,32.4127,32.9222,33.5279,34.2003,34.9309,35.6837,36.4478,37.2038,37.9590,38.6702,39.3285,39.9537,40.5559,41.0975,41.5802,42.0079
450,3200,1800,0,32.3409,32.8941,33.5144,34.2184,34.9380,35.6781,36.4043,37.1325,37.8152,38.4443,39.0469,39.6184,40.1312,40.5889,40.9964,41.3591
450,3392,1908,0,32.5205,33.1245,33.8044,34.5230,35.2687,35.9954,36.7313,37.4187,38.0486,38.6478,39.2135,39.7178,40.1659,40.5641,40.9190,41.2375
450,3584,2016,0,32.7208,33.3550,34.0629,34.7822,35.4973,36.2050,36.8767,37.4899,38.0642,38.6117,39.1000,39.5347,39.9227,40.2710,40.5861,40.8736
450,3776,2124,0,32.8022,33.4650,34.1542,34.8577,35.5366,36.1988,36.8031,37.3579,37.8982,38.3804,38.8104,39.1949,39.5413,39.8564,40.1456,40.4137
500,3840,2160,0,33.3226,34.1251,34.9168,35.6891,36.4264,37.1243,37.7533,38.3397,38.8923,39.3811,39.8134,40.1981,40.5437,40.8573,41.1448,41.4110
500,1280,720,0,44.6990,44.5649,44.6027,44.7804,45.0751,45.4679,45.9496,46.5006,47.1203,47.7919,48.5065,49.2570,50.0242,50.8319,51.6334,52.4446
500,1376,774,0,43.2815,43.2123,43.3091,43.5403,43.8845,44.3241,44.8381,45.4246,46.0606,46.7389,47.4477,48.1822,48.9319,49.6846,50.4267,51.1420
500,1472,828,0,42.5082,42.4914,42.6355,42.9091,43.2869,43.7515,44.2888,44.8790,45.5132,46.1725,46.8647,47.5604,48.2665,48.9534,49.6321,50.3284
500,1568,882,0,41.6905,41.7083,41.8800,42.1727,42.5630,43.0295,43.5579,44.1316,44.7335,45.3715,46.0156,46.6703,47.3090,47.9639,48.6214,49.2560
500,1664,936,0,40.8954,40.9400,41.1304,41.4368,41.8328,42.2985,42.8169,43.3743,43.9692,44.5788,45.2032,45.8173,46.4628,47.1063,47.7326,48.3521
500,1760,990,0,40.1759,40.2437,40.4502,40.7659,41.1690,41.6368,42.1526,42.7098,43.2933,43.8995,44.5014,45.1428,45.7847,46.4143,47.0497,47.6839
500,1856,1044,0,39.2355,39.3160,39.5326,39.8517,40.2523,40.7168,41.2262,41.7778,42.3579,42.9429,43.5685,44.2034,44.8307,45.4715,46.1107,46.7338
500,1952,1098,0,37.5035,37.6514,37.9314,38.3124,38.7694,39.2800,39.8508,40.4490,41.0608,41.7065,42.3709,43.0277,43.6977,44.3651,45.0146,45.6589
500,1280,720,1,42.5021,42.3078,42.2772,42.3783,42.5881,42.8874,43.2665,43.7063,44.2051,44.7470,45.3236,45.9282,46.5445,47.1931,47.8353,48.4861
500,1472,828,1,40.2807,40.1663,40.2016,40.3559,40.6046,40.9310,41.3218,41.7597,42.2374,42.7396,43.2734,43.8161,44.3745,44.9257,45.4799,46.0597
500,1664,936,1,38.4694,38.4132,38.4954,38.6878,38.9666,39.3139,39.7150,40.1586,40.6435,41.1507,41.6806,42.2115,42.7796,43.3557,43.9262,44.4993
500,1760,990,1,37.7204,37.6968,37.8069,38.0233,38.3259,38.6945,39.1146,39.5803,40.0783,40.6055,41.1380,41.7135,42.2978,42.8787,43.4716,44.0697
500,1856,1044,1,36.8042,36.8032,36.9348,37.1680,37.4832,37.8643,38.2944,38.7706,39.2805,39.8028,40.3684,40.9492,41.5296,42.1279,42.7300,43.3223
500,1952,1098,1,35.5780,35.6550,35.8616,36.1684,36.5523,36.9927,37.4947,38.0290,38.5824,39.1727,39.7854,40.3965,41.0242,41.6535,42.2700,42.8851
500,2048,1152,0,36.7815,36.9659,37.2773,37.6868,38.1698,38.7131,39.2998,39.9140,40.5541,41.2299,41.9018,42.5864,43.2741,43.9455,44.6159,45.2881
500,2240,1260,0,35.3028,35.5496,35.9177,36.3779,36.9126,37.5010,38.1198,38.7894,39.4801,40.1752,40.8936,41.5997,42.3001,43.0104,43.6920,44.3391
500,2432,1368,0,34.1733,34.4907,34.9240,35.4475,36.0396,36.6706,37.3660,38.0795,38.8116,39.5560,40.2857,41.0334,41.7609,42.4531,43.1036,43.7075
500,2624,1476,0,33.4882,33.8786,34.3805,34.9700,35.6111,36.3212,37.0552,37.8148,38.5815,39.3391,40.1122,40.8518,41.5495,42.1987,42.8389,43.4441
500,2816,1584,0,33.0749,33.5335,34.1080,34.7533,35.4657,36.2164,36.9940,37.7792,38.5605,39.3466,40.0934,40.7918,41.4439,42.0934,42.6818,43.2091
500,3008,1692,0,32.9115,33.4504,34.0873,34.7927,35.5588,36.3491,37.1527,37.9497,38.7476,39.5009,40.1993,40.8631,41.5024,42.0765,42.5866,43.0365
500,3200,1800,0,32.8173,33.4062,34.0640,34.8088,35.5706,36.3550,37.1260,37.9001,38.6265,39.2961,39.9367,40.5431,41.0856,41.5675,41.9939,42.3708
500,3392,1908,0,32.9921,33.6400,34.3672,35.1362,35.9353,36.7164,37.5087,38.2504,38.9305,39.5764,40.1847,40.7245,41.2010,41.6210,41.9919,42.3215
500,3584,2016,0,33.2106,33.8999,34.6672,35.4477,36.2247,36.9945,37.7253,38.3916,39.0135,39.6032,40.1255,40.5861,40.9931,41.3545,41.6780,41.9700
500,3776,2124,0,33.3286,34.0547,34.8086,35.5775,36.3196,37.0423,37.7004,38.3016,38.8835,39.3988,39.8538,40.2566,40.6158,40.9393,41.2337,41.5046
550,3840,2160,0,33.7845,34.6510,35.5071,36.3434,37.1423,37.8979,38.5774,39.2076,39.7977,40.3151,40.7680,41.1669,41.5214,41.8399,42.1293,42.3951
550,1280,720,0,45.9402,45.8287,45.8923,46.0990,46.4257,46.8534,47.3733,47.9655,48.6297,49.3489,50.1140,50.9181,51.7410,52.6079,53.4690,54.3408
550,1376,774,0,44.2662,44.2260,44.3557,44.6238,45.0091,45.4942,46.0580,46.6991,47.3942,48.1359,48.9118,49.7169,50.5397,51.3660,52.1805,52.9638
550,1472,828,0,43.4015,43.4220,43.6079,43.9281,44.3573,44.8780,45.4762,46.1313,46.8341,47.5642,48.3296,49.0978,49.8753,50.6287,51.3687,52.1216
550,1568,882,0,42.6058,42.6670,42.8869,43.2324,43.6798,44.2071,44.7994,45.4390,46.1074,46.8124,47.5210,48.2372,48.9314,49.6376,50.3403,51.0121
550,1664,936,0,41.8477,41.9390,42.1803,42.5413,42.9948,43.5200,44.0983,44.7153,45.3687,46.0334,46.7093,47.3687,48.0563,48.7357,49.3913,50.0341
550,1760,990,0,41.2342,41.3528,41.6134,41.9858,42.4472,42.9733,43.5461,44.1584,44.7933,45.4470,46.0903,46.7698,47.4440,48.0996,48.7561,49.4065
550,1856,1044,0,40.2860,40.4100,40.6720,41.0374,41.4839,41.9932,42.5450,43.1367,43.7535,44.3705,45.0260,45.6866,46.3353,46.9945,47.6485,48.2829
550,1952,1098,0,38.5540,38.7462,39.0718,39.4987,40.0005,40.5536,41.1651,41.8003,42.4447,43.1203,43.8109,44.4894,45.1781,45.8607,46.5217,47.1749
550,1280,720,1,43.5083,43.3429,43.3449,43.4822,43.7321,44.0754,44.5026,44.9946,45.5499,46.1523,46.7928,47.4647,48.1502,48.8711,49.5853,50.3080
550,1472,828,1,41.1920,41.1152,41.1921,41.3916,41.6889,42.0665,42.5111,43.0042,43.5377,44.0953,44.6843,45.2797,45.8885,46.4857,47.0821,47.7016
550,1664,936,1,39.4556,39.4357,39.5565,39.7893,40.1092,40.4976,40.9389,41.4212,41.9432,42.4848,43.0462,43.6047,44.1986,44.7973,45.3865,45.9753
550,1760,990,1,38.7517,38.7618,38.9073,39.1599,39.4990,39.9035,40.3581,40.8567,41.3855,41.9412,42.4989,43.0988,43.7046,44.3041,44.9137,45.5264
550,1856,1044,1,37.7648,37.7925,37.9539,38.2173,38.5624,38.9727,39.4306,39.9334,40.4682,41.0129,41.6003,42.2009,42.7988,43.4133,44.0298,44.6344
550,1952,1098,1,36.4367,36.5425,36.7787,37.1155,37.5287,37.9973,38.5270,39.0870,39.6641,40.2770,40.9110,41.5411,42.1866,42.8323,43.4633,44.0915
550,2048,1152,0,37.7677,37.9926,38.3454,38.7961,39.3192,39.9009,40.5234,41.1702,41.8400,42.5433,43.2387,43.9441,44.6497,45.3356,46.0179,46.6997
550,2240,1260,0,36.2126,36.4935,36.8960,37.3898,37.9571,38.5764,39.2238,39.9210,40.6372,41.3553,42.0957,42.8211,43.5389,44.2655,44.9608,45.6190
550,2432,1368,0,35.0705,35.4193,35.8836,36.4370,37.0576,37.7148,38.4359,39.1727,39.9265,40.6909,41.4384,42.2030,42.9452,43.6495,44.3096,44.9206
550,2624,1476,0,34.2362,34.6534,35.1817,35.7969,36.4623,37.1966,37.9535,38.7353,39.5232,40.3006,41.0930,41.8499,42.5624,43.2240,43.8756,44.4902
550,2816,1584,0,33.6685,34.1520,34.7517,35.4222,36.1602,36.9366,37.7402,38.5515,39.3588,40.1713,40.9433,41.6652,42.3387,43.0096,43.6164,44.1590
550,3008,1692,0,33.4214,33.9865,34.6507,35.3846,36.1811,37.0031,37.8398,38.6709,39.5043,40.2924,41.0241,41.7200,42.3902,42.9913,43.5242,43.9925
550,3200,1800,0,33.2712,33.8902,34.5792,35.3577,36.1545,36.9757,37.7843,38.5974,39.3615,40.0666,40.7409,41.3787,41.9483,42.4526,42.8967,43.2871
550,3392,1908,0,33.4343,34.1184,34.8843,35.6944,36.5373,37.3630,38.2021,38.9890,39.7110,40.3963,41.0404,41.6101,42.1103,42.5485,42.9324,43.2707
550,3584,2016,0,33.6477,34.3820,35.1980,36.0293,36.8587,37.6819,38.4646,39.1786,39.8441,40.4733,41.0279,41.5139,41.9399,42.3150,42.6476,42.9451
550,3776,2124,0,33.7951,34.5767,35.3881,36.2160,37.0161,37.7954,38.5045,39.1504,39.7726,40.3199,40.7990,41.2191,41.5898,41.9205,42.2186,42.4907
600,3840,2160,0,34.1998,35.1189,36.0290,36.9201,37.7732,38.5808,39.3068,39.9785,40.6047,41.1505,41.6244,42.0380,42.4023,42.7267,43.0188,43.2852
600,1280,720,0,47.4636,47.3743,47.4636,47.6989,48.0572,48.5189,49.0753,49.7057,50.4104,51.1717,51.9803,52.8290,53.6968,54.6098,55.5153,56.4303
600,1376,774,0,45.3565,45.3408,45.4986,45.7982,46.2184,46.7420,47.3475,48.0342,48.7781,49.5719,50.4030,51.2660,52.1487,53.0356,53.9094,54.7482
600,1472,828,0,44.3011,44.3527,44.5739,44.9337,45.4068,45.9759,46.6273,47.3398,48.1042,48.8989,49.7322,50.5690,51.4151,52.2335,53.0340,53.8432
600,1568,882,0,43.4751,43.5777,43.8442,44.2412,44.7450,45.3332,45.9905,46.6982,47.4363,48.2127,48.9908,49.7740,50.5290,51.2910,52.0424,52.7529
600,1664,936,0,42.7098,42.8451,43.1350,43.5489,44.0588,44.6432,45.2826,45.9610,46.6758,47.3994,48.1306,48.8393,49.5724,50.2905,50.9768,51.6433
600,1760,990,0,42.1449,42.3110,42.6230,43.0498,43.5680,44.1517,44.7817,45.4496,46.1373,46.8399,47.5259,48.2448,48.9521,49.6341,50.3116,50.9776
600,1856,1044,0,41.3013,41.4752,41.7901,42.2100,42.7115,43.2751,43.8790,44.5199,45.1822,45.8389,46.5308,47.2225,47.8963,48.5760,49.2458,49.8908
600,1952,1098,0,39.4765,39.7142,40.0874,40.5626,41.1120,41.7108,42.3664,43.0418,43.7220,44.4300,45.1491,45.8511,46.5596,47.2580,47.9308,48.5925
600,1280,720,1,44.4200,44.2746,44.2993,44.4622,44.7405,45.1152,45.5770,46.1065,46.7029,47.3495,48.0375,48.7599,49.4980,50.2749,51.0457,51.8261
600,1472,828,1,42.1223,42.0848,42.2054,42.4530,42.8022,43.2356,43.7393,44.2940,44.8910,45.5122,46.1654,46.8228,47.4914,48.1435,48.7901,49.4564
600,1664,936,1,40.3524,40.3690,40.5290,40.8029,41.1651,41.5963,42.0798,42.6029,43.1644,43.7425,44.3376,44.9256,45.5470,46.1696,46.7785,47.3838
600,1760,990,1,39.6521,39.6965,39.8781,40.1678,40.5444,40.9857,41.4757,42.0080,42.5681,43.1526,43.7352,44.3584,44.9843,45.6004,46.2241,46.8483
600,1856,1044,1,38.7160,38.7753,38.9695,39.2660,39.6438,40.0860,40.5740,41.1054,41.6667,42.2349,42.8447,43.4654,44.0806,44.7108,45.3409,45.9568
600,1952,1098,1,37.3239,37.4633,37.7342,38.1059,38.5535,39.0548,39.6163,40.2056,40.8090,41.4466,42.1031,42.7527,43.4158,44.0766,44.7201,45.3588
600,2048,1152,0,38.7277,38.9959,39.3927,39.8870,40.4520,41.0733,41.7322,42.4114,43.1097,43.8383,44.5543,45.2767,45.9956,46.6910,47.3800,48.0659
600,2240,1260,0,37.1012,37.4195,37.8594,38.3895,38.9916,39.6434,40.3200,41.0447,41.7854,42.5246,43.2840,44.0251,44.7559,45.4936,46.1970,46.8603
600,2432,1368,0,35.8095,36.1874,36.6806,37.2622,37.9098,38.5922,39.3382,40.0981,40.8736,41.6586,42.4247,43.2075,43.9660,44.6844,45.3562,45.9765
600,2624,1476,0,34.8658,35.3070,35.8590,36.4974,37.1849,37.9414,38.7195,39.5221,40.3302,41.1270,41.9389,42.7137,43.4426,44.1187,44.7842,45.4112
600,2816,1584,0,34.3183,34.8260,35.4496,36.1428,36.9030,37.7008,38.5252,39.3562,40.1822,41.0129,41.8013,42.5374,43.2231,43.9054,44.5212,45.0703
600,3008,1692,0,33.9747,34.5649,35.2544,36.0137,36.8362,37.6846,38.5480,39.4060,40.2667,41.0810,41.8372,42.5564,43.2487,43.8688,44.4172,44.8978
600,3200,1800,0,33.7384,34.3850,35.1023,35.9111,36.7390,37.5928,38.4344,39.2816,40.0787,40.8147,41.5185,42.1839,42.7772,43.3012,43.7609,44.1631
600,3392,1908,0,33.8482,34.5631,35.3618,36.2066,37.0866,37.9506,38.8302,39.6570,40.4167,41.1378,41.8149,42.4125,42.9353,43.3909,43.7874,44.1341
600,3584,2016,0,34.0533,34.8257,35.6830,36.5575,37.4315,38.3006,39.1283,39.8839,40.5877,41.2517,41.8348,42.3431,42.7856,43.1722,43.5123,43.8141
600,3776,2124,0,34.2076,35.0362,35.8965,36.7755,37.6266,38.4564,39.2120,39.8994,40.5595,41.1374,41.6401,42.0771,42.4596,42.7978,43.1001,43.3738
650,3840,2160,0,34.5687,35.5341,36.4922,37.4327,38.3352,39.1909,39.9604,40.6715,41.3323,41.9053,42.3994,42.8273,43.2009,43.5308,43.8257,44.0925
650,1280,720,0,49.0340,48.9626,49.0725,49.3309,49.7142,50.2027,50.7875,51.4475,52.1830,52.9759,53.8167,54.6978,55.5974,56.5423,57.4774,58.4194
650,1376,774,0,46.4700,46.4748,46.6558,46.9813,47.4300,47.9848,48.6238,49.3470,50.1297,50.9649,51.8397,52.7487,53.6793,54.6146,55.5361,56.4195
650,1472,828,0,45.2556,45.3336,45.5848,45.9782,46.4886,47.0988,47.7952,48.5563,49.3728,50.2224,51.1138,52.0095,52.9149,53.7893,54.6418,55.4987
650,1568,882,0,44.2855,44.4200,44.7224,45.1595,45.7074,46.3437,47.0529,47.8156,48.6108,49.4465,50.2833,51.1237,51.9312,52.7418,53.5354,54.2791
650,1664,936,0,43.5463,43.7255,44.0643,44.5319,45.1001,45.7464,46.4504,47.1949,47.9766,48.7648,49.5574,50.3208,51.1038,51.8636,52.5818,53.2711
650,1760,990,0,42.9612,43.1716,43.5319,44.0107,44.5835,45.2236,45.9103,46.6343,47.3756,48.1284,48.8586,49.6179,50.3588,51.0670,51.7643,52.4439
650,1856,1044,0,42.1481,42.3664,42.7288,43.1982,43.7502,44.3642,45.0168,45.7043,46.4096,47.1041,47.8304,48.5513,49.2483,49.9467,50.6304,51.2847
650,1952,1098,0,40.3432,40.6280,41.0508,41.5770,42.1772,42.8248,43.5276,44.2461,44.9642,45.7061,46.4541,47.1790,47.9058,48.6176,49.2991,49.9655
650,1280,720,1,45.3673,45.2411,45.2877,45.4752,45.7810,46.1858,46.6810,47.2467,47.8828,48.5723,49.3064,50.0783,50.8684,51.7012,52.5290,53.3681
650,1472,828,1,42.9425,42.9384,43.0964,43.3854,43.7800,44.2626,44.8193,45.4298,46.0852,46.7661,47.4804,48.1978,48.9251,49.6315,50.3283,51.0414
650,1664,936,1,41.1624,41.2157,41.4154,41.7317,42.1380,42.6141,43.1427,43.7102,44.3147,44.9332,45.5658,46.1868,46.8388,47.4877,48.1183,48.7411
650,1760,990,1,40.5012,40.5813,40.8007,41.1297,41.5462,42.0271,42.5554,43.1244,43.7185,44.3343,44.9442,45.5927,46.2403,46.8742,47.5127,48.1490
650,1856,1044,1,39.5750,39.6672,39.8957,40.2269,40.6391,41.1146,41.6342,42.1952,42.7837,43.3757,44.0076,44.6475,45.2787,45.9225,46.5638,47.1880
650,1952,1098,1,38.1199,38.2911,38.5947,38.9993,39.4790,40.0109,40.6018,41.2180,41.8456,42.5055,43.1821,43.8490,44.5274,45.2014,45.8556,46.5034
650,2048,1152,0,39.5899,39.9026,40.3453,40.8858,41.4957,42.1600,42.8585,43.5733,44.3031,45.0596,45.7983,46.5393,47.2728,47.9786,48.6746,49.3646
650,2240,1260,0,37.9497,38.3054,38.7825,39.3489,39.9855,40.6692,41.3743,42.1253,42.8891,43.6478,44.4241,45.1786,45.9200,46.6661,47.3747,48.0402
650,2432,1368,0,36.6528,37.0648,37.5911,38.2044,38.8816,39.5904,40.3615,41.1435,41.9385,42.7406,43.5210,44.3166,45.0854,45.8114,46.4882,47.1112
650,2624,1476,0,35.6674,36.1392,36.7208,37.3872,38.1002,38.8809,39.6808,40.5032,41.3287,42.1405,42.9658,43.7509,44.4870,45.1674,45.8356,46.4630
650,2816,1584,0,34.8624,35.3922,36.0379,36.7525,37.5339,38.3525,39.1972,40.0481,40.8934,41.7433,42.5494,43.3015,44.0013,44.6970,45.3237,45.8810
650,3008,1692,0,34.5143,35.1272,35.8389,36.6200,37.4646,38.3346,39.2197,40.0990,40.9811,41.8153,42.5898,43.3260,44.0341,44.6671,45.2256,45.7135
650,3200,1800,0,34.2347,34.9070,35.6494,36.4846,37.3385,38.2190,39.0873,39.9616,40.7847,41.5446,42.2713,42.9579,43.5694,44.1083,44.5796,44.9906
650,3392,1908,0,34.2856,35.0282,35.8559,36.7308,37.6427,38.5391,39.4530,40.3134,41.1047,41.8559,42.5610,43.1824,43.7246,44.1952,44.6031,44.9576
650,3584,2016,0,34.4271,35.2330,36.1265,37.0392,37.9533,38.8641,39.7334,40.5282,41.2684,41.9660,42.5770,43.1070,43.5657,43.9635,44.3107,44.6162
650,3776,2124,0,34.5968,35.4656,36.3680,37.2909,38.1864,39.0609,39.8579,40.5826,41.2772,41.8831,42.4073,42.8600,43.2532,43.5981,43.9042,44.1793
700,3840,2160,0,34.9309,35.9358,36.9347,37.9173,38.8621,39.7592,40.5664,41.3112,42.0015,42.5973,43.1078,43.5465,43.9266,44.2596,44.5550,44.8204
700,1280,720,0,51.1490,51.0955,51.2266,51.5085,51.9170,52.4314,53.0426,53.7283,54.4886,55.3046,56.1659,57.0643,57.9770,58.9305,59.8671,60.8032
700,1376,774,0,47.7979,47.8255,48.0326,48.3870,48.8671,49.4557,50.1303,50.8911,51.7129,52.5884,53.5043,54.4549,55.4267,56.4014,57.3588,58.2719
700,1472,828,0,46.1532,46.2548,46.5327,46.9562,47.5001,48.1474,48.8848,49.6908,50.5562,51.4582,52.4060,53.3600,54.3252,55.2574,56.1646,57.0724
700,1568,882,0,45.0650,45.2294,45.5658,46.0411,46.6318,47.3154,48.0766,48.8956,49.7505,50.6495,51.5505,52.4550,53.3225,54.1895,55.0326,55.8154
700,1664,936,0,44.2735,44.4863,44.8627,45.3721,45.9859,46.6814,47.4373,48.2358,49.0727,49.9152,50.7597,51.5699,52.3956,53.1907,53.9355,54.6430
700,1760,990,0,43.7842,44.0401,44.4506,44.9838,45.6150,46.3159,47.0646,47.8508,48.6521,49.4613,50.2410,51.0451,51.8224,52.5575,53.2735,53.9635
700,1856,1044,0,42.9786,43.2450,43.6594,44.1836,44.7923,45.4636,46.1722,46.9137,47.6692,48.4075,49.1734,49.9268,50.6487,51.3658,52.0616,52.7215
700,1952,1098,0,41.0941,41.4244,41.8959,42.4729,43.1248,43.8231,44.5756,45.3402,46.0994,46.8786,47.6586,48.4091,49.1563,49.8832,50.5744,51.2462
700,1280,720,1,46.3505,46.2409,46.3066,46.5157,46.8452,47.2762,47.8000,48.3967,49.0664,49.7921,50.5649,51.3779,52.2112,53.0903,53.9651,54.8526
700,1472,828,1,43.7532,43.7786,43.9699,44.2961,44.7318,45.2595,45.8651,46.5282,47.2393,47.9780,48.7523,49.5293,50.3155,51.0770,51.8244,52.5843
700,1664,936,1,41.9474,42.0396,42.2818,42.6437,43.0981,43.6240,44.2030,44.8205,45.4745,46.1397,46.8159,47.4757,48.1636,48.8435,49.4995,50.1429
700,1760,990,1,41.2747,41.3914,41.6500,42.0201,42.4788,43.0021,43.5720,44.1811,44.8130,45.4636,46.1040,46.7807,47.4523,48.1057,48.7602,49.4089
700,1856,1044,1,40.3571,40.4817,40.7442,41.1100,41.5567,42.0659,42.6174,43.2085,43.8246,44.4408,45.0952,45.7547,46.4021,47.0599,47.7125,48.3455
700,1952,1098,1,38.9270,39.1361,39.4792,39.9238,40.4428,41.0121,41.6391,42.2881,42.9447,43.6309,44.3306,45.0163,45.7107,46.3973,47.0609,47.7152
700,2048,1152,0,40.3924,40.7508,41.2411,41.8298,42.4871,43.1968,43.9375,44.6899,45.4526,46.2378,46.9990,47.7576,48.5039,49.2176,49.9176,50.6080
700,2240,1260,0,38.7584,39.1526,39.6681,40.2715,40.9432,41.6590,42.3922,43.1685,43.9536,44.7294,45.5198,46.2847,47.0332,47.7840,48.4942,49.1586
700,2432,1368,0,37.3737,37.8187,38.3775,39.0218,39.7281,40.4631,41.2590,42.0628,42.8770,43.6959,44.4901,45.2979,46.0764,46.8092,47.4901,48.1149
700,2624,1476,0,36.2729,36.7701,37.3763,38.0665,38.8015,39.6038,40.4236,41.2649,42.1082,42.9363,43.7774,44.5766,45.3248,46.0154,46.6928,47.3277
700,2816,1584,0,35.5413,36.0968,36.7673,37.5046,38.3073,39.1452,40.0077,40.8745,41.7338,42.5964,43.4130,44.1733,44.8791,45.5800,46.2097,46.7682
700,3008,1692,0,35.0909,35.7280,36.4631,37.2666,38.1331,39.0241,39.9294,40.8277,41.7281,42.5785,43.3668,44.1150,44.8334,45.4735,46.0363,46.5260
700,3200,1800,0,34.7094,35.4060,36.1722,37.0323,37.9109,38.8165,39.7095,40.6092,41.4562,42.2381,42.9853,43.6907,44.3175,44.8682,45.3480,45.7647
700,3392,1908,0,34.7290,35.4965,36.3494,37.2499,38.1884,39.1117,40.0537,40.9416,41.7587,42.5344,43.2622,43.9029,44.4607,44.9433,45.3598,45.7201
700,3584,2016,0,34.8215,35.6572,36.5825,37.5281,38.4764,39.4228,40.3276,41.1559,41.9278,42.6549,43.2907,43.8406,44.3146,44.7235,45.0785,45.3889
700,3776,2124,0,34.9567,35.8622,36.8031,37.7667,38.7036,39.6199,40.4562,41.2165,41.9439,42.5763,43.1206,43.5874,43.9897,44.3397,44.6477,44.9225
750,3840,2160,0,35.2687,36.3085,37.3438,38.3648,39.3493,40.2864,41.1313,41.9114,42.6339,43.2560,43.7869,44.2406,44.6313,44.9713,45.2709,45.5385
750,1280,720,0,53.7356,53.6994,53.8509,54.1552,54.5870,55.1248,55.7587,56.4653,57.2438,58.0743,58.9449,59.8458,60.7530,61.6910,62.5990,63.4927
750,1376,774,0,49.1138,49.1591,49.3862,49.7628,50.2670,50.8814,51.5832,52.3727,53.2243,54.1304,55.0773,56.0591,57.0616,58.0649,59.0477,59.9804
750,1472,828,0,47.2769,47.4013,47.7051,48.1571,48.7319,49.4126,50.1855,51.0291,51.9339,52.8764,53.8662,54.8617,55.8675,56.8364,57.7752,58.7089
750,1568,882,0,45.9409,46.1336,46.5021,47.0135,47.6443,48.3720,49.1812,50.0520,50.9616,51.9187,52.8785,53.8414,54.7632,55.6808,56.5671,57.3819
750,1664,936,0,45.0196,45.2667,45.6819,46.2349,46.8969,47.6453,48.4582,49.3170,50.2171,51.1229,52.0294,52.8963,53.7747,54.6138,55.3918,56.1215
750,1760,990,0,44.4580,44.7495,45.1995,45.7761,46.4541,47.2045,48.0043,48.8422,49.6941,50.5513,51.3734,52.2155,53.0232,53.7802,54.5103,55.2069
750,1856,1044,0,43.7411,44.0506,44.5122,45.0867,45.7482,46.4733,47.2352,48.0285,48.8324,49.6133,50.4174,51.2021,51.9474,52.6812,53.3868,54.0501
750,1952,1098,0,41.8051,42.1794,42.6986,43.3260,44.0296,44.7793,45.5828,46.3951,47.1971,48.0149,48.8280,49.6046,50.3724,51.1139,51.8139,52.4901
750,1280,720,1,47.4753,47.3797,47.4617,47.6890,48.0386,48.4914,49.0386,49.6599,50.3556,51.1084,51.9093,52.7514,53.6140,54.5236,55.4281,56.3449
750,1472,828,1,44.4835,44.5316,44.7487,45.1038,45.5717,46.1351,46.7800,47.4856,48.2425,49.0293,49.8544,50.6830,51.5211,52.3321,53.1260,53.9296
750,1664,936,1,42.7047,42.8336,43.1162,43.5219,44.0229,44.5975,45.2265,45.8942,46.5980,47.3107,48.0315,48.7308,49.4550,50.1654,50.8456,51.5074
750,1760,990,1,41.9781,42.1301,42.4267,42.8370,43.3377,43.9034,44.5154,45.1656,45.8365,46.5235,47.1959,47.9025,48.5998,49.2741,49.9461,50.6086
750,1856,1044,1,41.1510,41.3137,41.6166,42.0237,42.5122,43.0625,43.6533,44.2815,44.9318,45.5777,46.2594,46.9420,47.6081,48.2812,48.9454,49.5863
750,1952,1098,1,39.5796,39.8207,40.1973,40.6759,41.2285,41.8301,42.4881,43.1655,43.8472,44.5563,45.2759,45.9781,46.6864,47.3842,48.0560,48.7165
750,2048,1152,0,41.1196,41.5239,42.0628,42.7016,43.4090,44.1676,44.9543,45.7485,46.5482,47.3659,48.1529,48.9319,49.6932,50.4164,51.1214,51.8130
750,2240,1260,0,39.4903,39.9238,40.4791,41.1215,41.8303,42.5803,43.3439,44.1476,44.9560,45.7508,46.5567,47.3329,48.0895,48.8456,49.5578,50.2212
750,2432,1368,0,38.1419,38.6226,39.2160,39.8931,40.6296,41.3911,42.2113,43.0355,43.8666,44.6993,45.5037,46.3193,47.1025,47.8371,48.5170,49.1384
750,2624,1476,0,37.0528,37.5838,38.2222,38.9423,39.7039,40.5309,41.3718,42.2313,43.0896,43.9295,44.7802,45.5855,46.3366,47.0272,47.7029,48.3340
750,2816,1584,0,36.1460,36.7268,37.4216,38.1815,39.0055,39.8631,40.7437,41.6270,42.5012,43.3774,44.2052,44.9743,45.6866,46.3927,47.0251,47.5838
750,3008,1692,0,35.6111,36.2702,37.0263,37.8497,38.7357,39.6453,40.5686,41.4840,42.4010,43.2664,44.0678,44.8279,45.5569,46.2052,46.7737,47.2670
750,3200,1800,0,35.2690,35.9905,36.7798,37.6630,38.5630,39.4894,40.4018,41.3203,42.1840,42.9799,43.7395,44.4552,45.0893,45.6445,46.1264,46.5431
750,3392,1908,0,35.1465,35.9377,36.8145,37.7391,38.7023,39.6503,40.6182,41.5311,42.3715,43.1693,43.9174,44.5751,45.1464,45.6391,46.0627,46.4273
750,3584,2016,0,35.2155,36.0781,37.0315,38.0060,38.9839,39.9610,40.8964,41.7534,42.5523,43.3045,43.9612,44.5275,45.0136,45.4309,45.7911,46.1041
750,3776,2124,0,35.3225,36.2602,37.2347,38.2337,39.2069,40.1604,41.0323,41.8256,42.5843,43.2430,43.8083,44.2910,44.7047,45.0626,45.3757,45.6535
800,3840,2160,0,35.6180,36.6896,37.7572,38.8114,39.8298,40.8007,41.6769,42.4856,43.2336,43.8759,44.4215,44.8851,45.2819,45.6249,45.9251,46.1916
800,1280,720,0,56.5736,56.5478,56.7119,57.0292,57.4732,58.0213,58.6623,59.3710,60.1455,60.9642,61.8128,62.6790,63.5376,64.4094,65.2320,66.0215
800,1376,774,0,50.9548,51.0200,51.2700,51.6712,52.2014,52.8422,53.5700,54.3847,55.2594,56.1860,57.1495,58.1432,59.1512,60.1515,61.1220,62.0307
800,1472,828,0,48.4292,48.5755,48.9039,49.3832,49.9877,50.7003,51.5074,52.3870,53.3297,54.3110,55.3409,56.3757,57.4193,58.4212,59.3866,60.3393
800,1568,882,0,46.7876,47.0031,47.3975,47.9377,48.6004,49.3631,50.2107,51.1229,52.0766,53.0809,54.0887,55.1000,56.0673,57.0271,57.9492,58.7897
800,1664,936,0,45.7621,46.0376,46.4851,47.0745,47.7767,48.5691,49.4297,50.3390,51.2923,52.2517,53.2108,54.1259,55.0488,55.9243,56.7285,57.4740
800,1760,990,0,45.1814,45.5088,45.9993,46.6209,47.3485,48.1522,49.0082,49.9042,50.8141,51.7273,52.5997,53.4875,54.3319,55.1150,55.8613,56.5641
800,1856,1044,0,44.4354,44.7872,45.2955,45.9205,46.6354,47.4158,48.2330,49.0806,49.9353,50.7607,51.6040,52.4197,53.1866,53.9340,54.6450,55.3062
800,1952,1098,0,42.4898,42.9077,43.4746,44.1529,44.9095,45.7124,46.5692,47.4315,48.2785,49.1364,49.9833,50.7855,51.5717,52.3244,53.0287,53.7036
800,1280,720,1,48.6854,48.6059,48.7066,48.9548,49.3272,49.8045,50.3777,51.0262,51.7504,52.5325,53.3632,54.2352,55.1273,56.0664,56.9983,57.9403
800,1472,828,1,45.1717,45.2401,45.4803,45.8616,46.3587,46.9547,47.6359,48.3813,49.1817,50.0151,50.8902,51.7705,52.6616,53.5241,54.3672,55.2175
800,1664,936,1,43.3797,43.5411,43.8597,44.3048,44.8482,45.4677,46.1433,46.8584,47.6099,48.3687,49.1332,49.8715,50.6316,51.3726,52.0767,52.7565
800,1760,990,1,42.7758,42.9688,43.3099,43.7677,44.3180,44.9344,45.5968,46.2964,47.0140,47.7442,48.4542,49.1947,49.9197,50.6153,51.3029,51.9757
800,1856,1044,1,41.8005,41.9956,42.3329,42.7759,43.3009,43.8876,44.5137,45.1757,45.8573,46.5310,47.2384,47.9433,48.6277,49.3163,49.9929,50.6428
800,1952,1098,1,40.2553,40.5323,40.9468,41.4641,42.0553,42.6941,43.3882,44.0985,44.8092,45.5444,46.2866,47.0068,47.7298,48.4387,49.1181,49.7833
800,2048,1152,0,41.7681,42.2131,42.7955,43.4797,44.2331,45.0370,45.8670,46.7006,47.5354,48.3839,49.1955,49.9937,50.7689,51.5006,52.2100,52.9022
800,2240,1260,0,40.2159,40.6916,41.2895,41.9735,42.7221,43.5085,44.3036,45.1352,45.9663,46.7783,47.5971,48.3814,49.1420,49.8989,50.6083,51.2659
800,2432,1368,0,38.8490,39.3650,39.9927,40.7022,41.4682,42.2553,43.0985,43.9414,44.7877,45.6321,46.4445,47.2656,48.0513,48.7855,49.4626,50.0788
800,2624,1476,0,37.6530,38.2132,38.8797,39.6264,40.4119,41.2614,42.1220,42.9991,43.8726,44.7251,45.5867,46.4003,47.1571,47.8508,48.5280,49.1586
800,2816,1584,0,36.7247,37.3298,38.0479,38.8291,39.6730,40.5488,41.4460,42.3443,43.2319,44.1206,44.9591,45.7370,46.4564,47.1688,47.8056,48.3670
800,3008,1692,0,36.2735,36.9598,37.7410,38.5871,39.4939,40.4217,41.3610,42.2899,43.2182,44.0918,44.8984,45.6614,46.3914,47.0379,47.6027,48.0909
800,3200,1800,0,35.7231,36.4674,37.2784,38.1837,39.1050,40.0528,40.9859,41.9253,42.8084,43.6217,44.3973,45.1272,45.7723,46.3354,46.8223,47.2415
800,3392,1908,0,35.6181,36.4316,37.3297,38.2746,39.2578,40.2245,41.2113,42.1414,42.9970,43.8085,44.5685,45.2353,45.8129,46.3095,46.7348,47.0996
800,3584,2016,0,35.5911,36.4785,37.4578,38.4584,39.4631,40.4680,41.4310,42.3140,43.1375,43.9126,44.5884,45.1698,45.6670,46.0919,46.4567,46.7721
800,3776,2124,0,35.6781,36.6455,37.6508,38.6823,39.6887,40.6765,41.5810,42.4044,43.1914,43.8734,44.4567,44.9522,45.3743,45.7370,46.0524,46.3301
850,3840,2160,0,35.9597,37.0585,38.1535,39.2357,40.2825,41.2816,42.1841,43.0172,43.7869,44.4465,45.0047,45.4769,45.8790,46.2246,46.5256,46.7911
850,1280,720,0,59.5853,59.5599,59.7233,60.0373,60.4732,61.0074,61.6266,62.3036,63.0339,63.7948,64.5692,65.3422,66.0905,66.8306,67.5046,68.1330
850,1376,774,0,53.0473,53.1311,53.4020,53.8254,54.3786,55.0422,55.7915,56.6260,57.5173,58.4563,59.4261,60.4187,61.4162,62.3935,63.3284,64.1865
850,1472,828,0,49.7890,49.9533,50.3020,50.8032,51.4307,52.1672,52.9987,53.9025,54.8689,55.8725,56.9231,57.9753,59.0322,60.0410,61.0057,61.9496
850,1568,882,0,47.7636,48.0023,48.4230,48.9922,49.6864,50.4830,51.3668,52.3173,53.3104,54.3559,55.4043,56.4546,57.4562,58.4455,59.3889,60.2394
850,1664,936,0,46.4968,46.7998,47.2787,47.9035,48.6456,49.4821,50.3909,51.3522,52.3612,53.3777,54.3939,55.3620,56.3342,57.2502,58.0831,58.8448
850,1760,990,0,45.8366,46.1960,46.7227,47.3850,48.1578,49.0108,49.9195,50.8709,51.8369,52.8050,53.7274,54.6607,55.5414,56.3497,57.1103,57.8166
850,1856,1044,0,45.0796,45.4656,46.0120,46.6785,47.4380,48.2651,49.1297,50.0244,50.9240,51.7893,52.6683,53.5123,54.2994,55.0595,55.7755,56.4348
850,1952,1098,0,43.0993,43.5546,44.1632,44.8866,45.6908,46.5423,47.4487,48.3585,49.2488,50.1461,51.0265,51.8546,52.6599,53.4244,54.1338,54.8080
850,1280,720,1,49.9126,49.8451,49.9597,50.2234,50.6126,51.1075,51.6993,52.3667,53.1101,53.9115,54.7613,55.6520,56.5618,57.5179,58.4644,59.4184
850,1472,828,1,45.9322,46.0203,46.2832,46.6898,47.2151,47.8421,48.5573,49.3395,50.1795,51.0549,51.9748,52.9008,53.8385,54.7454,55.6302,56.5192
850,1664,936,1,44.0980,44.2934,44.6500,45.1372,45.7264,46.3949,47.1221,47.8903,48.6959,49.5073,50.3218,51.1047,51.9053,52.6793,53.4082,54.1046
850,1760,990,1,43.3929,43.6189,43.9962,44.4930,45.0849,45.7444,46.4506,47.1939,47.9536,48.7236,49.4688,50.2417,50.9939,51.7108,52.4148,53.0989
850,1856,1044,1,42.5642,42.8006,43.1825,43.6720,44.2447,44.8792,45.5514,46.2576,46.9801,47.6894,48.4291,49.1609,49.8663,50.5713,51.2594,51.9162
850,1952,1098,1,40.8944,41.2088,41.6630,42.2216,42.8545,43.5339,44.2675,45.0143,45.7572,46.5213,47.2880,48.0277,48.7659,49.4858,50.1721,50.8408
850,2048,1152,0,42.4594,42.9520,43.5858,44.3244,45.1332,45.9924,46.8752,47.7570,48.6343,49.5191,50.3581,51.1760,51.9630,52.6991,53.4065,54.0913
850,2240,1260,0,40.8645,41.3807,42.0201,42.7454,43.5336,44.3568,45.1843,46.0447,46.8994,47.7295,48.5620,49.3551,50.1205,50.8787,51.5860,52.2383
850,2432,1368,0,39.4711,40.0208,40.6815,41.4224,42.2176,43.0303,43.8968,44.7592,45.6216,46.4789,47.3009,48.1295,48.9199,49.6560,50.3326,50.9462
850,2624,1476,0,38.3270,38.9193,39.6161,40.3909,41.2011,42.0728,42.9520,43.8444,44.7300,45.5914,46.4596,47.2768,48.0342,48.7261,49.3998,50.0252
850,2816,1584,0,37.4175,38.0533,38.8001,39.6067,40.4731,41.3680,42.2811,43.1919,44.0889,44.9842,45.8260,46.6041,47.3213,48.0297,48.6604,49.2141
850,3008,1692,0,36.7643,37.4733,38.2758,39.1418,40.0676,41.0131,41.9690,42.9132,43.8560,44.7421,45.5590,46.3306,47.0675,47.7183,48.2850,48.7732
850,3200,1800,0,36.2579,37.0274,37.8614,38.7894,39.7314,40.6992,41.6506,42.6079,43.5065,44.3329,45.1200,45.8595,46.5113,47.0782,47.5666,47.9856
850,3392,1908,0,36.0579,36.8939,37.8135,38.7790,39.7824,40.7683,41.7744,42.7221,43.5932,44.4185,45.1903,45.8660,46.4495,46.9493,47.3756,47.7395
850,3584,2016,0,36.0076,36.9176,37.9192,38.9414,39.9675,40.9938,41.9774,42.8792,43.7197,44.5104,45.1983,45.7885,46.2914,46.7193,47.0850,47.3995
850,3776,2124,0,36.0322,37.0261,38.0580,39.1171,40.1513,41.1676,42.0990,42.9472,43.7575,44.4587,45.0567,45.5626,45.9914,46.3577,46.6744,46.9518
900,3840,2160,0,36.2788,37.4037,38.5246,39.6334,40.7075,41.7341,42.6623,43.5194,44.3110,44.9879,45.5589,46.0400,46.4474,46.7957,47.0972,47.3619
900,1280,720,0,63.2762,63.2186,63.3417,63.6046,63.9749,64.4281,64.9475,65.5051,66.0933,66.6928,67.2863,67.8609,68.4030,68.9278,69.3904,69.8192
900,1376,774,0,55.2590,55.3572,55.6438,56.0831,56.6514,57.3284,58.0879,58.9282,59.8194,60.7505,61.7023,62.6650,63.6186,64.5348,65.3932,66.1590
900,1472,828,0,51.3384,51.5225,51.8930,52.4175,53.0692,53.8300,54.6853,55.6116,56.5986,57.6194,58.6834,59.7425,60.7992,61.7978,62.7412,63.6517
900,1568,882,0,48.7750,49.0361,49.4817,50.0783,50.8024,51.6309,52.5487,53.5349,54.5647,55.6478,56.7328,57.8174,58.8477,59.8596,60.8161,61.6672
900,1664,936,0,47.2943,47.6206,48.1254,48.7790,49.5524,50.4227,51.3675,52.3669,53.4156,54.4719,55.5267,56.5294,57.5322,58.4710,59.3169,60.0811
900,1760,990,0,46.5638,46.9544,47.5164,48.2184,49.0353,49.9365,50.8967,51.9024,52.9235,53.9459,54.9173,55.8949,56.8099,57.6405,58.4113,59.1159
900,1856,1044,0,45.7535,46.1782,46.7684,47.4834,48.2957,49.1794,50.1025,51.0565,52.0135,52.9304,53.8557,54.7363,55.5484,56.3227,57.0420,57.6946
900,1952,1098,0,43.7234,44.2190,44.8722,45.6444,46.5003,47.4049,48.3655,49.3270,50.2641,51.2032,52.1175,52.9699,53.7905,54.5614,55.2687,55.9341
900,1280,720,1,51.2128,51.1583,51.2883,51.5691,51.9766,52.4905,53.1015,53.7880,54.5499,55.3688,56.2346,57.1393,58.0606,59.0253,59.9758,60.9289
900,1472,828,1,46.6576,46.7640,47.0476,47.4777,48.0294,48.6858,49.4338,50.2523,51.1322,52.0507,53.0177,53.9932,54.9824,55.9399,56.8734,57.8089
900,1664,936,1,44.6861,44.9055,45.2891,45.8065,46.4290,47.1338,47.8998,48.7089,49.5569,50.4107,51.2664,52.0872,52.9232,53.7273,54.4797,55.1931
900,1760,990,1,44.1075,44.3699,44.7873,45.3278,45.9664,46.6749,47.4310,48.2243,49.0325,49.8480,50.6332,51.4421,52.2232,52.9612,53.6792,54.3706
900,1856,1044,1,43.2195,43.4911,43.9109,44.4406,45.0547,45.7310,46.4443,47.1901,47.9493,48.6907,49.4592,50.2148,50.9383,51.6567,52.3534,53.0141
900,1952,1098,1,41.4372,41.7827,42.2705,42.8645,43.5335,44.2487,45.0180,45.7981,46.5713,47.3631,48.1542,48.9139,49.6688,50.4018,51.0974,51.7727
900,2048,1152,0,43.0005,43.5281,44.2005,44.9805,45.8327,46.7359,47.6618,48.5839,49.4975,50.4142,51.2783,52.1149,52.9143,53.6565,54.3648,55.0459
900,2240,1260,0,41.4813,42.0403,42.7245,43.4949,44.3275,45.1925,46.0573,46.9511,47.8335,48.6851,49.5338,50.3372,51.1079,51.8674,52.5716,53.2173
900,2432,1368,0,40.1667,40.7580,41.4596,42.2394,43.0702,43.9137,44.8074,45.6913,46.5701,47.4388,48.2673,49.0988,49.8880,50.6195,51.2884,51.8918
900,2624,1476,0,38.9769,39.6024,40.3307,41.1342,41.9692,42.8628,43.7596,44.6660,45.5617,46.4297,47.3018,48.1195,48.8746,49.5616,50.2286,50.8456
900,2816,1584,0,37.9413,38.6030,39.3746,40.2038,41.0908,42.0040,42.9333,43.8581,44.7669,45.6725,46.5221,47.3057,48.0262,48.7367,49.3673,49.9190
900,3008,1692,0,37.3302,38.0643,38.8897,39.7763,40.7207,41.6826,42.6528,43.6094,44.5630,45.4575,46.2807,47.0571,47.7974,48.4498,49.0166,49.5037
900,3200,1800,0,36.8256,37.6223,38.4807,39.4323,40.3954,41.3827,42.3514,43.3247,44.2366,45.0731,45.8680,46.6129,47.2668,47.8329,48.3184,48.7327
900,3392,1908,0,36.4873,37.3446,38.2843,39.2687,40.2903,41.2933,42.3163,43.2796,44.1642,45.0017,45.7842,46.4678,47.0568,47.5596,47.9871,48.3505
900,3584,2016,0,36.4293,37.3618,38.3854,39.4284,40.4744,41.5202,42.5221,43.4399,44.2946,45.0977,45.7949,46.3912,46.8973,47.3262,47.6910,48.0032
900,3776,2124,0,36.3780,37.3958,38.4517,39.5357,40.5953,41.6375,42.5936,43.4644,44.2963,45.0152,45.6267,46.1420,46.5767,46.9462,47.2638,47.5406
950,3840,2160,0,36.6363,37.7834,38.9250,40.0542,41.1484,42.1946,43.1405,44.0137,44.8192,45.5067,46.0849,46.5702,46.9795,47.3279,47.6282,47.8905
950,1280,720,0,66.2019,66.0432,66.0482,66.1778,66.4002,66.6956,67.0478,67.4332,67.8446,68.2699,68.6942,69.1074,69.5032,69.8943,70.2427,70.5769
950,1376,774,0,57.8414,57.9461,58.2386,58.6813,59.2493,59.9203,60.6661,61.4826,62.3382,63.2194,64.1040,64.9806,65.8285,66.6177,67.3356,67.9504
950,1472,828,0,53.3060,53.5116,53.9056,54.4543,55.1301,55.9137,56.7895,57.7322,58.7304,59.7543,60.8122,61.8523,62.8756,63.8244,64.7008,65.5280
950,1568,882,0,49.9358,50.2140,50.6787,51.2957,52.0412,52.8919,53.8323,54.8411,55.8928,56.9973,58.1009,59.2010,60.2407,61.2556,62.2061,63.0405
950,1664,936,0,48.1720,48.5228,49.0552,49.7393,50.5460,51.4523,52.4355,53.4750,54.5655,55.6632,56.7576,57.7944,58.8257,59.7828,60.6349,61.3928
950,1760,990,0,47.2059,47.6226,48.2146,48.9504,49.8052,50.7483,51.7542,52.8089,53.8809,54.9542,55.9727,56.9937,57.9429,58.7957,59.5766,60.2792
950,1856,1044,0,46.3590,46.8151,47.4409,48.1956,49.0516,49.9825,50.9550,51.9596,52.9662,53.9281,54.8940,55.8066,56.6403,57.4260,58.1466,58.7912
950,1952,1098,0,44.2698,44.7951,45.4818,46.2906,47.1858,48.1314,49.1341,50.1366,51.1114,52.0843,53.0266,53.8992,54.7327,55.5090,56.2150,56.8733
950,1280,720,1,52.6286,52.5862,52.7303,53.0267,53.4507,53.9814,54.6094,55.3119,56.0890,56.9214,57.7983,58.7109,59.6359,60.5994,61.5416,62.4786
950,1472,828,1,47.4702,47.5907,47.8904,48.3383,48.9093,49.5867,50.3572,51.1995,52.1045,53.0491,54.0432,55.0457,56.0616,57.0436,57.9985,58.9520
950,1664,936,1,45.2911,45.5366,45.9499,46.5008,47.1605,47.9063,48.7166,49.5727,50.4702,51.3739,52.2787,53.1448,54.0234,54.8636,55.6438,56.3765
950,1760,990,1,44.6911,44.9827,45.4327,46.0090,46.6865,47.4363,48.2352,49.0722,49.9231,50.7793,51.6004,52.4416,53.2485,54.0049,54.7346,55.4309
950,1856,1044,1,43.8107,44.1143,44.5692,45.1363,45.7896,46.5061,47.2591,48.0435,48.8390,49.6124,50.4099,51.1894,51.9312,52.6631,53.3685,54.0330
950,1952,1098,1,42.0830,42.4697,43.0024,43.6439,44.3620,45.1261,45.9438,46.7693,47.5831,48.4114,49.2335,50.0171,50.7902,51.5353,52.2375,52.9148
950,2048,1152,0,43.6317,44.1998,44.9169,45.7450,46.6475,47.6020,48.5780,49.5466,50.5013,51.4531,52.3430,53.1968,54.0045,54.7468,55.4481,56.1162
950,2240,1260,0,42.0393,42.6365,43.3610,44.1724,45.0457,45.9493,46.8488,47.7738,48.6821,49.5536,50.4172,51.2300,52.0054,52.7658,53.4670,54.1063
950,2432,1368,0,40.7476,41.3758,42.1141,42.9291,43.7921,44.6637,45.5821,46.4855,47.3791,48.2584,49.0929,49.9272,50.7158,51.4435,52.1060,52.7010
950,2624,1476,0,39.5053,40.1601,40.9165,41.7463,42.6046,43.5193,44.4339,45.3552,46.2631,47.1405,48.0201,48.8427,49.6005,50.2879,50.9537,51.5677
950,2816,1584,0,38.5497,39.2405,40.0392,40.8922,41.8001,42.7308,43.6744,44.6104,45.5274,46.4388,47.2914,48.0754,48.7941,49.5015,50.1271,50.6727
950,3008,1692,0,37.9407,38.7038,39.5553,40.4646,41.4288,42.4070,43.3903,44.3565,45.3168,46.2145,47.0376,47.8113,48.5467,49.1921,49.7504,50.2282
950,3200,1800,0,37.2699,38.0901,38.9702,39.9432,40.9262,41.9328,42.9197,43.9110,44.8389,45.6893,46.4965,47.2517,47.9126,48.4828,48.9698,49.3836
950,3392,1908,0,36.9987,37.8799,38.8412,39.8446,40.8836,41.9016,42.9386,43.9133,44.8069,45.6516,46.4393,47.1257,47.7153,48.2171,48.6422,49.0024
950,3584,2016,0,36.8065,37.7593,38.8028,39.8648,40.9295,41.9940,43.0141,43.9483,44.8180,45.6345,46.3422,46.9458,47.4563,47.8872,48.2520,48.5628
950,3776,2124,0,36.7656,37.8058,38.8829,39.9876,41.0669,42.1285,43.1020,43.9881,44.8338,45.5633,46.1820,46.7014,47.1377,47.5069,47.8228,48.0967
1000,3840,2160,0,36.9890,38.1584,39.3206,40.4697,41.5833,42.6482,43.6108,44.4988,45.3172,46.0142,46.5986,47.0872,47.4976,47.8454,48.1438,48.4033
1000,1280,720,0,67.3652,67.1373,67.0640,67.1099,67.2458,67.4560,67.7252,68.0324,68.3705,68.7299,69.0963,69.4596,69.8147,70.1731,70.4973,70.8154
1000,1376,774,0,60.5168,60.6158,60.8986,61.3250,61.8686,62.5042,63.2016,63.9533,64.7272,65.5081,66.2722,67.0105,67.7052,68.3300,68.8850,69.3433
1000,1472,828,0,55.2360,55.4539,55.8603,56.4206,57.1059,57.8957,58.7730,59.7109,60.6964,61.6971,62.7200,63.7105,64.6695,65.5395,66.3239,67.0484
1000,1568,882,0,51.3127,51.6110,52.0976,52.7378,53.5068,54.3808,55.3436,56.3728,57.4418,58.5596,59.6701,60.7689,61.7968,62.7888,63.7038,64.4909
1000,1664,936,0,49.0411,49.4130,49.9692,50.6796,51.5149,52.4522,53.4685,54.5428,55.6696,56.8032,57.9316,58.9971,60.0511,61.0204,61.8727,62.6179
1000,1760,990,0,47.9742,48.4154,49.0346,49.8002,50.6875,51.6654,52.7079,53.8007,54.9108,56.0209,57.0716,58.1200,59.0876,59.9480,60.7255,61.4146
1000,1856,1044,0,47.0135,47.5022,48.1652,48.9615,49.8635,50.8442,51.8693,52.9280,53.9877,54.9975,56.0057,56.9503,57.8034,58.5962,59.3118,59.9408
1000,1952,1098,0,44.8704,45.4273,46.1494,46.9975,47.9352,48.9252,49.9743,51.0219,52.0383,53.0485,54.0212,54.9148,55.7604,56.5397,57.2403,57.8865
1000,1280,720,1,53.8865,53.8524,54.0064,54.3135,54.7484,55.2899,55.9279,56.6391,57.4231,58.2599,59.1379,60.0471,60.9637,61.9123,62.8317,63.7372
1000,1472,828,1,48.3979,48.5366,48.8570,49.3280,49.9242,50.6289,51.4287,52.3019,53.2394,54.2172,55.2457,56.2818,57.3301,58.3404,59.3183,60.2885
1000,1664,936,1,45.8322,46.1004,46.5399,47.1205,47.8136,48.5966,49.4478,50.3482,51.2932,52.2456,53.1994,54.1115,55.0339,55.9119,56.7212,57.4744
1000,1760,990,1,45.2578,45.5752,46.0544,46.6632,47.3766,48.1650,49.0048,49.8842,50.7777,51.6754,52.5345,53.4108,54.2469,55.0253,55.7702,56.4750
1000,1856,1044,1,44.4954,44.8367,45.3331,45.9447,46.6451,47.4100,48.2114,49.0431,49.8827,50.6947,51.5263,52.3327,53.0935,53.8372,54.5474,55.2101
1000,1952,1098,1,42.6552,43.0755,43.6449,44.3256,45.0842,45.8891,46.7477,47.6115,48.4597,49.3188,50.1665,50.9696,51.7567,52.5102,53.2155,53.8915
1000,2048,1152,0,44.1498,44.7517,45.5062,46.3750,47.3203,48.3188,49.3382,50.3472,51.3378,52.3198,53.2316,54.0994,54.9132,55.6543,56.3484,57.0042
1000,2240,1260,0,42.6551,43.2970,44.0689,44.9291,45.8507,46.8001,47.7405,48.7015,49.6386,50.5306,51.4077,52.2262,53.0011,53.7556,54.4460,55.0707
1000,2432,1368,0,41.3081,41.9738,42.7498,43.6014,44.4987,45.4002,46.3454,47.2703,48.1803,49.0714,49.9130,50.7510,51.5397,52.2643,52.9210,53.5079
1000,2624,1476,0,40.1142,40.8045,41.5948,42.4559,43.3413,44.2798,45.2133,46.1491,47.0672,47.9506,48.8332,49.6552,50.4093,51.0905,51.7481,52.3523
1000,2816,1584,0,39.1421,39.8626,40.6888,41.5656,42.4939,43.4411,44.3975,45.3428,46.2657,47.1803,48.0331,48.8147,49.5290,50.2302,50.8481,51.3847
1000,3008,1692,0,38.4062,39.1931,40.0665,40.9954,41.9773,42.9709,43.9675,44.9450,45.9150,46.8199,47.6479,48.4245,49.1612,49.8058,50.3615,50.8355
1000,3200,1800,0,37.8254,38.6722,39.5756,40.5701,41.5714,42.5943,43.5949,44.5982,45.5355,46.3925,47.2048,47.9632,48.6250,49.1943,49.6790,50.0896
1000,3392,1908,0,37.4515,38.3556,39.3379,40.3602,41.4167,42.4501,43.5017,44.4887,45.3919,46.2442,47.0375,47.7265,48.3162,48.8160,49.2376,49.5931
1000,3584,2016,0,37.2418,38.2166,39.2806,40.3610,41.4426,42.5230,43.5574,44.5036,45.3835,46.2087,46.9222,47.5292,48.0410,48.4713,48.8343,49.1424
1000,3776,2124,0,37.1231,38.1854,39.2835,40.4088,41.5082,42.5896,43.5814,44.4834,45.3439,46.0846,46.7112,47.2354,47.6737,48.0429,48.3572,48.6285
1050,3840,2160,0,37.3259,38.5149,39.6950,40.8614,41.9920,43.0734,44.0508,44.9521,45.7820,46.4874,47.0770,47.5683,47.9793,48.3261,48.6223,48.8788
1050,1280,720,0,67.6251,67.3776,67.2831,67.3076,67.4229,67.6140,67.8662,68.1588,68.4844,68.8340,69.1933,69.5517,69.9043,70.2624,70.5887,70.9106
1050,1376,774,0,63.7144,63.7600,63.9762,64.3195,64.7629,65.2783,65.8358,66.4255,67.0209,67.6095,68.1712,68.7060,69.2034,69.6434,70.0378,70.3610
1050,1472,828,0,57.5242,57.7494,58.1616,58.7242,59.4067,60.1865,61.0440,61.9502,62.8896,63.8264,64.7660,65.6526,66.4893,67.2234,67.8632,68.4410
1050,1568,882,0,52.9874,53.3067,53.8154,54.4781,55.2689,56.1624,57.1417,58.1826,59.2562,60.3703,61.4653,62.5354,63.5195,64.4529,65.2950,65.9994
1050,1664,936,0,50.0547,50.4443,51.0197,51.7509,52.6080,53.5679,54.6072,55.7045,56.8540,58.0083,59.1543,60.2315,61.2906,62.2555,63.0930,63.8128
1050,1760,990,0,48.7574,49.2238,49.8713,50.6685,51.5906,52.6062,53.6890,54.8243,55.9775,57.1296,58.2170,59.2960,60.2828,61.1489,61.9182,62.5867
1050,1856,1044,0,47.6138,48.1294,48.8230,49.6537,50.5941,51.6168,52.6867,53.7920,54.8982,55.9505,56.9969,57.9706,58.8412,59.6400,60.3499,60.9633
1050,1952,1098,0,45.4219,46.0105,46.7689,47.6577,48.6401,49.6777,50.7773,51.8751,52.9385,53.9915,54.9992,55.9171,56.7762,57.5580,58.2511,58.8816
1050,1280,720,1,55.4001,55.3718,55.5326,55.8468,56.2883,56.8354,57.4775,58.1903,58.9727,59.8040,60.6711,61.5629,62.4547,63.3690,64.2434,65.0932
1050,1472,828,1,49.3539,49.5084,49.8464,50.3367,50.9535,51.6797,52.5020,53.3978,54.3581,55.3577,56.4072,57.4615,58.5248,59.5447,60.5257,61.4917
1050,1664,936,1,46.4329,46.7224,47.1861,47.7941,48.5177,49.3344,50.2223,51.1619,52.1488,53.1439,54.1404,55.0920,56.0515,56.9601,57.7918,58.5584
1050,1760,990,1,45.8262,46.1709,46.6809,47.3245,48.0765,48.9071,49.7919,50.7186,51.6598,52.6044,53.5059,54.4214,55.2890,56.0899,56.8486,57.5584
1050,1856,1044,1,45.0054,45.3748,45.9024,46.5480,47.2848,48.0878,48.9278,49.7976,50.6734,51.5175,52.3774,53.2064,53.9830,54.7366,55.4506,56.1118
1050,1952,1098,1,43.1354,43.5844,44.1856,44.9007,45.6959,46.5380,47.4346,48.3348,49.2164,50.1060,50.9799,51.8034,52.6059,53.3697,54.0803,54.7574
1050,2048,1152,0,44.7075,45.3387,46.1258,47.0302,48.0135,49.0512,50.1095,51.1551,52.1784,53.1878,54.1191,54.9987,55.8164,56.5539,57.2383,57.8793
1050,2240,1260,0,43.1530,43.8316,44.6431,45.5445,46.5080,47.4979,48.4749,49.4690,50.4328,51.3444,52.2347,53.0595,53.8350,54.5851,55.2666,55.8791
1050,2432,1368,0,41.8745,42.5829,43.4024,44.2968,45.2345,46.1717,47.1486,48.0987,49.0275,49.9310,50.7791,51.6186,52.4040,53.1213,53.7672,54.3409
1050,2624,1476,0,40.7137,41.4418,42.2680,43.1619,44.0752,45.0373,45.9888,46.9373,47.8630,48.7494,49.6314,50.4492,51.1960,51.8676,52.5138,53.1048
1050,2816,1584,0,39.6219,40.3693,41.2211,42.1207,43.0695,44.0343,45.0056,45.9630,46.8957,47.8181,48.6760,49.4604,50.1753,50.8758,51.4909,52.0229
1050,3008,1692,0,38.9417,39.7551,40.6520,41.6010,42.6000,43.6073,44.6146,45.6000,46.5753,47.4829,48.3109,49.0858,49.8191,50.4587,51.0085,51.4759
1050,3200,1800,0,38.3651,39.2397,40.1668,41.1829,42.2019,43.2396,44.2519,45.2645,46.2075,47.0671,47.8794,48.6355,49.2926,49.8553,50.3322,50.7345
1050,3392,1908,0,37.8536,38.7784,39.7794,40.8189,41.8914,42.9393,44.0049,45.0042,45.9178,46.7794,47.5802,48.2745,48.8672,49.3680,49.7891,50.1429
1050,3584,2016,0,37.7198,38.7178,39.8024,40.9005,41.9974,43.0914,44.1372,45.0919,45.9782,46.8079,47.5232,48.1298,48.6394,49.0663,49.4250,49.7283
1050,3776,2124,0,37.4644,38.5468,39.6638,40.8079,41.9255,43.0251,44.0335,44.9505,45.8246,46.5761,47.2103,47.7391,48.1796,48.5491,48.8622,49.1313
1100,3840,2160,0,37.6690,38.8789,40.0773,41.2606,42.4072,43.5037,44.4945,45.4076,46.2476,46.9603,47.5547,48.0485,48.4600,48.8060,49.1004,49.3544
1100,1280,720,0,67.6340,67.3860,67.2908,67.3147,67.4297,67.6204,67.8723,68.1649,68.4906,68.8404,69.2000,69.5591,69.9123,70.2713,70.5987,70.9216
1100,1376,774,0,65.9131,65.8571,65.9574,66.1717,66.4772,66.8477,67.2575,67.6977,68.1488,68.6007,69.0358,69.4582,69.8591,70.2194,70.5524,70.8308
1100,1472,828,0,59.7484,59.9690,60.3721,60.9188,61.5771,62.3220,63.1309,63.9736,64.8328,65.6707,66.4938,67.2486,67.9447,68.5380,69.0417,69.4947
1100,1568,882,0,54.4995,54.8336,55.3575,56.0348,56.8390,57.7435,58.7303,59.7739,60.8432,61.9449,63.0163,64.0507,64.9860,65.8583,66.6286,67.2552
1100,1664,936,0,51.2796,51.6898,52.2875,53.0419,53.9223,54.9049,55.9653,57.0809,58.2452,59.4078,60.5544,61.6215,62.6590,63.5893,64.3818,65.0480
1100,1760,990,0,49.5572,50.0445,50.7153,51.5381,52.4881,53.5338,54.6482,55.8163,57.0019,58.1845,59.2968,60.3946,61.3893,62.2513,63.0042,63.6461
1100,1856,1044,0,48.2868,48.8268,49.5478,50.4086,51.3816,52.4392,53.5454,54.6879,55.8299,56.9137,57.9868,58.9782,59.8560,60.6514,61.3480,61.9396
1100,1952,1098,0,46.0296,46.6430,47.4291,48.3484,49.3635,50.4356,51.5712,52.7041,53.7999,54.8814,55.9116,56.8435,57.7083,58.4872,59.1697,59.7834
1100,1280,720,1,56.9621,56.9403,57.1085,57.4298,57.8775,58.4288,59.0722,59.7825,60.5573,61.3747,62.2202,63.0808,63.9314,64.7918,65.5999,66.3719
1100,1472,828,1,50.2407,50.4075,50.7591,51.2640,51.8962,52.6384,53.4768,54.3890,55.3656,56.3810,57.4455,58.5133,59.5879,60.6151,61.5984,62.5609
1100,1664,936,1,47.0645,47.3760,47.8649,48.5014,49.2571,50.1094,51.0364,52.0186,53.0513,54.0940,55.1385,56.1354,57.1374,58.0815,58.9385,59.7195
1100,1760,990,1,46.3070,46.6745,47.2107,47.8840,48.6696,49.5374,50.4627,51.4328,52.4191,53.4090,54.3530,55.3086,56.2099,57.0360,57.8114,58.5291
1100,1856,1044,1,45.5419,45.9385,46.4968,47.1763,47.9499,48.7922,49.6726,50.5835,51.4993,52.3798,53.2734,54.1303,54.9279,55.6963,56.4183,57.0811
1100,1952,1098,1,43.7211,44.2049,44.8448,45.6020,46.4416,47.3294,48.2725,49.2173,50.1394,51.0652,51.9692,52.8148,53.6320,54.4029,55.1135,55.7848
1100,2048,1152,0,45.2663,45.9298,46.7534,47.6979,48.7242,49.8071,50.9107,51.9994,53.0613,54.1032,55.0575,55.9504,56.7717,57.5038,58.1752,58.7973
1100,2240,1260,0,43.6707,44.3846,45.2345,46.1764,47.1813,48.2114,49.2255,50.2528,51.2436,52.1748,53.0778,53.9079,54.6825,55.4263,56.0969,56.6947
1100,2432,1368,0,42.3563,43.0997,43.9553,44.8855,45.8572,46.8246,47.8285,48.8001,49.7452,50.6600,51.5142,52.3560,53.1399,53.8523,54.4907,55.0548
1100,2624,1476,0,41.1871,41.9475,42.8051,43.7284,44.6677,45.6530,46.6232,47.5865,48.5230,49.4167,50.3030,51.1220,51.8672,52.5348,53.1750,53.7585
1100,2816,1584,0,40.1500,40.9271,41.8066,42.7306,43.7002,44.6820,45.6667,46.6341,47.5736,48.5003,49.3598,50.1433,50.8555,51.5519,52.1613,52.6865
1100,3008,1692,0,39.4993,40.3414,41.2635,42.2336,43.2501,44.2707,45.2876,46.2788,47.2571,48.1641,48.9887,49.7577,50.4833,51.1137,51.6533,52.1102
1100,3200,1800,0,38.7911,39.6889,40.6365,41.6716,42.7069,43.7592,44.7839,45.8076,46.7593,47.6250,48.4416,49.2001,49.8572,50.4179,50.8913,51.2891
1100,3392,1908,0,38.3834,39.3338,40.3568,41.4144,42.5021,43.5615,44.6365,45.6419,46.5586,47.4211,48.2211,48.9127,49.5014,49.9973,50.4130,50.7615
1100,3584,2016,0,38.0979,39.1167,40.2209,41.3370,42.4506,43.5605,44.6209,45.5880,46.4846,47.3228,48.0435,48.6525,49.1620,49.5869,49.9421,50.2411
1100,3776,2124,0,37.8536,38.9577,40.0940,41.2560,42.3901,43.5051,44.5269,45.4549,46.3387,47.0971,47.7355,48.2662,48.7067,49.0747,49.3856,49.6516
1150,3840,2160,0,38.0549,39.2871,40.5037,41.7026,42.8628,43.9712,44.9716,45.8924,46.7385,47.4548,48.0507,48.5443,48.9545,49.2982,49.5897,49.8406
1150,1280,720,0,67.6340,67.3860,67.2908,67.3147,67.4297,67.6204,67.8723,68.1649,68.4906,68.8404,69.2000,69.5591,69.9123,70.2713,70.5987,70.9216
1150,1376,774,0,66.9310,66.8013,66.8210,66.9511,67.1725,67.4612,67.7941,68.1626,68.5501,68.9466,69.3349,69.7198,70.0918,70.4319,70.7522,71.0245
1150,1472,828,0,62.3665,62.5530,62.9108,63.3975,63.9796,64.6297,65.3227,66.0301,66.7358,67.4051,68.0509,68.6280,69.1558,69.6000,69.9758,70.3251
1150,1568,882,0,56.5001,56.8432,57.3745,58.0557,58.8581,59.7530,60.7202,61.7314,62.7526,63.7882,64.7731,65.7021,66.5169,67.2584,67.8949,68.3956
1150,1664,936,0,52.6280,53.0554,53.6707,54.4425,55.3391,56.3356,57.4067,58.5281,59.6922,60.8462,61.9743,63.0114,64.0071,64.8844,65.6175,66.2195
1150,1760,990,0,50.4833,50.9881,51.6779,52.5210,53.4924,54.5602,55.6969,56.8871,58.0933,59.2935,60.4172,61.5195,62.5084,63.3538,64.0798,64.6873
1150,1856,1044,0,48.9941,49.5602,50.3105,51.2040,52.2128,53.3093,54.4563,55.6407,56.8235,57.9430,59.0455,60.0551,60.9379,61.7250,62.4012,62.9630
1150,1952,1098,0,46.6657,47.3079,48.1264,49.0815,50.1352,51.2477,52.4254,53.5992,54.7320,55.8455,56.8991,57.8437,58.7103,59.4804,60.1450,60.7340
1150,1280,720,1,58.7881,58.7682,58.9380,59.2597,59.7051,60.2508,60.8841,61.5781,62.3291,63.1144,63.9172,64.7232,65.5078,66.2880,67.0044,67.6755
1150,1472,828,1,51.2224,51.4044,51.7730,52.2959,52.9467,53.7076,54.5644,55.4939,56.4860,57.5142,58.5886,59.6610,60.7344,61.7529,62.7190,63.6550
1150,1664,936,1,47.5937,47.9206,48.4272,49.0838,49.8620,50.7395,51.6943,52.7069,53.7728,54.8501,55.9301,56.9605,57.9945,58.9650,59.8407,60.6315
1150,1760,990,1,46.8809,47.2710,47.8329,48.5352,49.3529,50.2557,51.2187,52.2285,53.2556,54.2857,55.2666,56.2559,57.1839,58.0279,58.8123,59.5302
1150,1856,1044,1,46.0886,46.5148,47.1068,47.8239,48.6386,49.5251,50.4515,51.4093,52.3708,53.2925,54.2234,55.1099,55.9280,56.7082,57.4333,58.0911
1150,1952,1098,1,44.2339,44.7464,45.4184,46.2109,47.0883,48.0152,48.9985,49.9819,50.9391,51.8961,52.8253,53.6885,54.5162,55.2905,55.9979,56.6607
1150,2048,1152,0,45.7652,46.4593,47.3176,48.3010,49.3697,50.4977,51.6472,52.7801,53.8822,54.9582,55.9365,56.8430,57.6673,58.3927,59.0495,59.6508
1150,2240,1260,0,44.1807,44.9314,45.8212,46.8051,47.8528,48.9244,49.9760,51.0364,52.0530,53.0014,53.9137,54.7452,55.5144,56.2473,56.9022,57.4811
1150,2432,1368,0,42.9000,43.6840,44.5813,45.5529,46.5638,47.5657,48.5997,49.5942,50.5552,51.4791,52.3360,53.1754,53.9521,54.6535,55.2780,55.8263
1150,2624,1476,0,41.7009,42.4967,43.3888,44.3446,45.3122,46.3223,47.3118,48.2895,49.2355,50.1343,51.0224,51.8397,52.5804,53.2412,53.8728,54.4460
1150,2816,1584,0,40.7233,41.5358,42.4484,43.4010,44.3949,45.3957,46.3945,47.3711,48.3155,49.2433,50.1001,50.8777,51.5816,52.2677,52.8652,53.3777
1150,3008,1692,0,39.9367,40.8031,41.7471,42.7362,43.7689,44.8028,45.8303,46.8296,47.8137,48.7242,49.5498,50.3181,51.0411,51.6672,52.2013,52.6517
1150,3200,1800,0,39.2634,40.1861,41.1549,42.2089,43.2597,44.3249,45.3597,46.3914,47.3484,48.2167,49.0341,49.7915,50.4455,51.0017,51.4696,51.8614
1150,3392,1908,0,38.8538,39.8285,40.8725,41.9476,43.0499,44.1205,45.2045,46.2157,47.1349,47.9976,48.7955,49.4827,50.0653,50.5542,50.9623,51.3030
1150,3584,2016,0,38.4821,39.5200,40.6415,41.7727,42.9003,44.0233,45.0957,46.0731,46.9787,47.8247,48.5510,49.1637,49.6749,50.1000,50.4543,50.7516
1150,3776,2124,0,38.2637,39.3899,40.5454,41.7248,42.8740,44.0027,45.0355,45.9719,46.8626,47.6248,48.2646,48.7946,49.2329,49.5975,49.9043,50.1657
1200,3840,2160,0,38.4259,39.6796,40.9142,42.1288,43.3030,44.4236,45.4336,46.3619,47.2135,47.9325,48.5288,49.0210,49.4284,49.7686,50.0560,50.3024
1200,1280,720,0,67.6340,67.3860,67.2908,67.3147,67.4297,67.6204,67.8723,68.1649,68.4906,68.8404,69.2000,69.5591,69.9123,70.2713,70.5987,70.9216
1200,1376,774,0,67.2275,67.0710,67.0627,67.1654,67.3610,67.6264,67.9392,68.2905,68.6642,69.0503,69.4313,69.8122,70.1829,70.5249,70.8489,71.1273
1200,1472,828,0,64.5796,64.6842,64.9455,65.3204,65.7776,66.2908,66.8360,67.3910,67.9433,68.4634,68.9694,69.4216,69.8436,70.2043,70.5160,70.8198
1200,1568,882,0,58.3323,58.6767,59.2055,59.8792,60.6669,61.5377,62.4694,63.4314,64.3869,65.3397,66.2247,67.0408,67.7360,68.3572,68.8798,69.2807
1200,1664,936,0,54.0771,54.5234,55.1580,55.9483,56.8615,57.8714,58.9511,60.0742,61.2312,62.3662,63.4617,64.4511,65.3841,66.1864,66.8394,67.3595
1200,1760,990,0,51.5685,52.0940,52.8060,53.6719,54.6661,55.7558,56.9122,58.1188,59.3357,60.5391,61.6554,62.7386,63.6954,64.4987,65.1741,65.7279
1200,1856,1044,0,49.6968,50.2851,51.0606,51.9818,53.0210,54.1503,55.3318,56.5516,57.7684,58.9169,60.0422,61.0637,61.9458,62.7197,63.3717,63.9011
1200,1952,1098,0,47.2202,47.8856,48.7308,49.7158,50.8027,51.9509,53.1672,54.3798,55.5495,56.6962,57.7762,58.7369,59.6089,60.3735,61.0232,61.5899
1200,1280,720,1,60.5132,60.4887,60.6523,60.9649,61.3967,61.9236,62.5313,63.1919,63.8997,64.6321,65.3711,66.1017,66.8023,67.4884,68.1054,68.6762
1200,1472,828,1,52.2963,52.4901,52.8716,53.4079,54.0720,54.8455,55.7137,56.6528,57.6521,58.6840,59.7580,60.8245,61.8853,62.8833,63.8205,64.7187
1200,1664,936,1,48.3090,48.6527,49.1779,49.8552,50.6559,51.5574,52.5377,53.5767,54.6698,55.7737,56.8788,57.9305,58.9818,59.9626,60.8402,61.6240
1200,1760,990,1,47.4549,47.8690,48.4585,49.1922,50.0455,50.9881,51.9946,53.0515,54.1277,55.2077,56.2350,57.2676,58.2302,59.0975,59.8933,60.6106
1200,1856,1044,1,46.5430,46.9943,47.6149,48.3644,49.2154,50.1416,51.1104,52.1123,53.1178,54.0806,55.0495,55.9674,56.8082,57.6027,58.3334,58.9887
1200,1952,1098,1,44.6689,45.2036,45.9006,46.7209,47.6285,48.5872,49.6037,50.6199,51.6078,52.5931,53.5465,54.4280,55.2685,56.0497,56.7586,57.4182
1200,2048,1152,0,46.3577,47.0768,47.9629,48.9766,50.0775,51.2390,52.4219,53.5861,54.7155,55.8133,56.8052,57.7167,58.5373,59.2510,59.8897,60.4680
1200,2240,1260,0,44.6379,45.4210,46.3464,47.3682,48.4551,49.5653,50.6522,51.7441,52.7853,53.7503,54.6716,55.5044,56.2687,56.9913,57.6319,58.1936
1200,2432,1368,0,43.3944,44.2183,45.1577,46.1718,47.2235,48.2620,49.3281,50.3473,51.3251,52.2582,53.1168,53.9522,54.7194,55.4071,56.0149,56.5445
1200,2624,1476,0,42.2300,43.0673,44.0007,44.9955,45.9976,47.0375,48.0501,49.0443,50.0003,50.9029,51.7899,52.6013,53.3323,53.9806,54.5973,55.1540
1200,2816,1584,0,41.2037,42.0480,42.9904,43.9691,44.9853,46.0039,47.0160,48.0018,48.9517,49.8819,50.7379,51.5119,52.2100,52.8886,53.4770,53.9793
1200,3008,1692,0,40.3872,41.2798,42.2471,43.2561,44.3055,45.3525,46.3901,47.3965,48.3856,49.2984,50.1240,50.8905,51.6103,52.2316,52.7599,53.2039
1200,3200,1800,0,39.7673,40.7164,41.7070,42.7798,43.8448,44.9211,45.9633,46.9999,47.9584,48.8255,49.6394,50.3915,51.0386,51.5868,52.0464,52.4297
1200,3392,1908,0,39.2427,40.2388,41.3016,42.3929,43.5095,44.5921,45.6867,46.7061,47.6311,48.4978,49.2978,49.9847,50.5652,51.0503,51.4537,51.7892
1200,3584,2016,0,38.9896,40.0522,41.1944,42.3417,43.4814,44.6135,45.6915,46.6708,47.5756,48.4188,49.1401,49.7464,50.2507,50.6687,51.0161,51.3068
1200,3776,2124,0,38.5917,39.7372,40.9103,42.1064,43.2714,44.4152,45.4614,46.4090,47.3095,48.0787,48.7225,49.2541,49.6918,50.0545,50.3582,50.6159
1250,3840,2160,0,38.7402,40.0110,41.2607,42.4895,43.6774,44.8111,45.8323,46.7704,47.6301,48.3546,48.9540,49.4472,49.8540,50.1923,50.4770,50.7202
1250,1280,720,0,67.6340,67.3860,67.2908,67.3147,67.4297,67.6204,67.8723,68.1649,68.4906,68.8404,69.2000,69.5591,69.9123,70.2713,70.5987,70.9216
1250,1376,774,0,67.2580,67.0987,67.0876,67.1878,67.3811,67.6448,67.9562,68.3068,68.6804,69.0667,69.4485,69.8306,70.2029,70.5471,70.8734,71.1546
1250,1472,828,0,66.0542,66.0566,66.2053,66.4603,66.7953,67.1870,67.6141,68.0592,68.5116,68.9441,69.3758,69.7682,70.1445,70.4732,70.7637,71.0557
1250,1568,882,0,60.3526,60.6848,61.1936,61.8377,62.5833,63.3968,64.2547,65.1248,65.9701,66.7965,67.5437,68.2189,68.7794,69.2784,69.6967,70.0156
1250,1664,936,0,55.5317,55.9885,56.6322,57.4292,58.3449,59.3520,60.4212,61.5239,62.6489,63.7375,64.7724,65.6882,66.5365,67.2490,67.8163,68.2570
1250,1760,990,0,52.6771,53.2192,53.9483,54.8314,55.8419,56.9462,58.1141,59.3279,60.5455,61.7415,62.8398,63.8941,64.8110,65.5669,66.1894,66.6902
1250,1856,1044,0,50.4859,51.0918,51.8867,52.8289,53.8904,55.0430,56.2482,57.4913,58.7293,59.8940,61.0294,62.0511,62.9231,63.6765,64.2996,64.7944
1250,1952,1098,0,47.8823,48.5681,49.4353,50.4438,51.5553,52.7284,53.9697,55.2057,56.3951,57.5570,58.6455,59.6064,60.4702,61.2189,61.8464,62.3866
1250,1280,720,1,62.3917,62.3517,62.4959,62.7836,63.1829,63.6692,64.2262,64.8254,65.4594,66.1075,66.7515,67.3776,67.9695,68.5423,69.0484,69.5151
1250,1472,828,1,53.2186,53.4254,53.8212,54.3724,55.0516,55.8400,56.7222,57.6735,58.6824,59.7200,60.7947,61.8548,62.9013,63.8754,64.7784,65.6324
1250,1664,936,1,49.0030,49.3659,49.9127,50.6140,51.4408,52.3706,53.3808,54.4510,55.5766,56.7124,57.8477,58.9247,59.9962,60.9880,61.8661,62.6393
1250,1760,990,1,47.9249,48.3559,48.9650,49.7210,50.5998,51.5710,52.6093,53.7012,54.8145,55.9329,56.9968,58.0643,59.0553,59.9420,60.7476,61.4650
1250,1856,1044,1,47.0431,47.5178,48.1652,48.9448,49.8292,50.7918,51.7991,52.8411,53.8866,54.8861,55.8888,56.8338,57.6932,58.4980,59.2302,59.8791
1250,1952,1098,1,45.1749,45.7348,46.4606,47.3130,48.2557,49.2515,50.3072,51.3623,52.3868,53.4058,54.3875,55.2900,56.1440,56.9310,57.6382,58.2902
1250,2048,1152,0,46.9717,47.7209,48.6407,49.6914,50.8319,52.0348,53.2590,54.4619,55.6250,56.7490,57.7560,58.6710,59.4838,60.1799,60.7931,61.3405
1250,2240,1260,0,45.1348,45.9462,46.9027,47.9579,49.0794,50.2238,51.3421,52.4619,53.5247,54.5034,55.4309,56.2621,57.0184,57.7277,58.3507,58.8920
1250,2432,1368,0,43.8056,44.6619,45.6358,46.6853,47.7719,48.8421,49.9370,50.9789,51.9731,52.9163,53.7788,54.6130,55.3744,56.0525,56.6479,57.1633
1250,2624,1476,0,42.6500,43.5196,44.4852,45.5107,46.5400,47.6039,48.6352,49.6432,50.6081,51.5151,52.4030,53.2118,53.9374,54.5780,55.1854,55.7311
1250,2816,1584,0,41.6389,42.5131,43.4842,44.4886,45.5273,46.5644,47.5912,48.5879,49.5453,50.4801,51.3376,52.1104,52.8051,53.4785,54.0599,54.5540
1250,3008,1692,0,40.9003,41.8226,42.8160,43.8465,44.9132,45.9725,47.0182,48.0288,49.0186,49.9288,50.7491,51.5080,52.2184,52.8292,53.3465,53.7795
1250,3200,1800,0,40.2037,41.1768,42.1874,43.2772,44.3554,45.4417,46.4910,47.5322,48.4926,49.3590,50.1702,50.9180,51.5590,52.1002,52.5522,52.9277
1250,3392,1908,0,39.6622,40.6804,41.7621,42.8690,43.9987,45.0912,46.1941,47.2188,48.1465,49.0139,49.8128,50.4967,51.0726,51.5522,51.9496,52.2790
1250,3584,2016,0,39.3925,40.4764,41.6371,42.7994,43.9515,45.0937,46.1791,47.1630,48.0699,48.9130,49.6319,50.2340,50.7329,51.1447,51.4856,51.7698
1250,3776,2124,0,38.9476,40.1122,41.3017,42.5125,43.6908,44.8471,45.9041,46.8608,47.7696,48.5450,49.1930,49.7269,50.1654,50.5277,50.8300,51.0856
1300,3840,2160,0,39.1102,40.4010,41.6662,42.9076,44.1062,45.2490,46.2775,47.2215,48.0857,48.8131,49.4138,49.9072,50.3133,50.6500,50.9328,51.1736
1300,1280,720,0,67.6340,67.3860,67.2908,67.3147,67.4297,67.6204,67.8723,68.1649,68.4906,68.8404,69.2000,69.5591,69.9123,70.2713,70.5987,70.9216
1300,1376,774,0,67.2583,67.0990,67.0879,67.1881,67.3814,67.6451,67.9566,68.3073,68.6809,69.0672,69.4491,69.8313,70.2037,70.5480,70.8745,71.1558
1300,1472,828,0,66.6417,66.5875,66.6775,66.8742,67.1541,67.4952,67.8769,68.2835,68.7038,69.1111,69.5241,69.9042,70.2738,70.6012,70.8939,71.1920
1300,1568,882,0,62.5661,62.8523,63.3012,63.8703,64.5232,65.2251,65.9539,66.6797,67.3692,68.0349,68.6251,69.1563,69.5934,69.9913,70.3324,70.5970
1300,1664,936,0,57.3002,57.7636,58.4100,59.2042,60.1089,61.0944,62.1286,63.1792,64.2335,65.2311,66.1574,66.9530,67.6737,68.2625,68.7212,69.0689
1300,1760,990,0,54.0301,54.5922,55.3411,56.2425,57.2685,58.3837,59.5559,60.7651,61.9659,63.1308,64.1823,65.1736,66.0153,66.6919,67.2342,67.6609
1300,1856,1044,0,51.3761,52.0022,52.8189,53.7838,54.8687,56.0444,57.2713,58.5334,59.7854,60.9558,62.0874,63.0931,63.9380,64.6546,65.2350,65.6846
1300,1952,1098,0,48.5909,49.3017,50.1967,51.2355,52.3793,53.5858,54.8616,56.1300,57.3473,58.5307,59.6309,60.5915,61.4429,62.1687,62.7648,63.2685
1300,1280,720,1,63.7774,63.7114,63.8244,64.0753,64.4313,64.8683,65.3692,65.9064,66.4719,67.0476,67.6164,68.1658,68.6838,69.1853,69.6268,70.0374
1300,1472,828,1,54.2207,54.4348,54.8379,55.3961,56.0813,56.8740,57.7580,58.7078,59.7112,60.7376,61.7947,62.8292,63.8415,64.7727,65.6246,66.4205
1300,1664,936,1,49.7147,50.0934,50.6579,51.3784,52.2257,53.1770,54.2095,55.3022,56.4499,57.6062,58.7588,59.8479,60.9252,61.9141,62.7804,63.5329
1300,1760,990,1,48.5366,48.9836,49.6104,50.3860,51.2859,52.2796,53.3415,54.4579,55.5957,56.7375,57.8215,58.9057,59.9070,60.7963,61.5964,62.3011
1300,1856,1044,1,47.5899,48.0904,48.7674,49.5803,50.5018,51.5052,52.5558,53.6430,54.7333,55.7740,56.8136,57.7868,58.6635,59.4746,60.2022,60.8369
1300,1952,1098,1,45.6743,46.2611,47.0175,47.9044,48.8850,49.9211,51.0198,52.1176,53.1821,54.2376,55.2494,56.1725,57.0382,57.8272,58.5278,59.1660
1300,2048,1152,0,47.4746,48.2472,49.1936,50.2744,51.4480,52.6868,53.9483,55.1876,56.3838,57.5353,58.5601,59.4823,60.2915,60.9744,61.5668,62.0882
1300,2240,1260,0,45.6169,46.4586,47.4486,48.5398,49.6987,50.8804,52.0329,53.1830,54.2689,55.2620,56.1953,57.0239,57.7707,58.4645,59.0680,59.5873
1300,2432,1368,0,44.2849,45.1759,46.1866,47.2736,48.3964,49.4991,50.6224,51.6855,52.6934,53.6427,54.5042,55.3317,56.0813,56.7438,57.3210,57.8168
1300,2624,1476,0,43.1153,44.0203,45.0214,46.0809,47.1403,48.2304,49.2819,50.3040,51.2770,52.1867,53.0728,53.8759,54.5926,55.2220,55.8161,56.3473
1300,2816,1584,0,42.1256,43.0338,44.0372,45.0698,46.1324,47.1880,48.2281,49.2331,50.1944,51.1295,51.9837,52.7506,53.4373,54.1010,54.6715,55.1542
1300,3008,1692,0,41.3802,42.3329,43.3529,44.4054,45.4892,46.5608,47.6140,48.6282,49.6181,50.5250,51.3392,52.0899,52.7903,53.3900,53.8956,54.3171
1300,3200,1800,0,40.5949,41.5914,42.6221,43.7296,44.8219,45.9199,46.9780,48.0261,48.9909,49.8593,50.6707,51.4169,52.0546,52.5910,53.0373,53.4067
1300,3392,1908,0,40.1229,41.1649,42.2661,43.3885,44.5300,45.6309,46.7396,47.7671,48.6946,49.5599,50.3548,51.0331,51.6023,52.0747,52.4648,52.7871
1300,3584,2016,0,39.7509,40.8543,42.0319,43.2085,44.3728,45.5256,46.6197,47.6098,48.5210,49.3666,50.0856,50.6859,51.1815,51.5890,51.9249,52.2039
1300,3776,2124,0,39.3813,40.5680,41.7749,42.9996,44.1883,45.3524,46.4140,47.3727,48.2816,49.0552,49.6999,50.2296,50.6634,51.0207,51.3182,51.5691
1350,3840,2160,0,39.5274,40.8424,42.1248,43.3784,44.5853,45.7331,46.7632,47.7064,48.5678,49.2908,49.8861,50.3737,50.7740,51.1051,51.3826,51.6184
1350,1280,720,0,67.6340,67.3860,67.2908,67.3147,67.4297,67.6204,67.8723,68.1649,68.4906,68.8404,69.2000,69.5591,69.9123,70.2713,70.5987,70.9216
1350,1376,774,0,67.2583,67.0990,67.0879,67.1881,67.3814,67.6451,67.9566,68.3073,68.6809,69.0672,69.4491,69.8313,70.2037,70.5480,70.8745,71.1558
1350,1472,828,0,66.8089,66.7377,66.8106,66.9911,67.2565,67.5848,67.9558,68.3541,68.7680,69.1713,69.5824,69.9626,70.3340,70.6649,70.9624,71.2666
1350,1568,882,0,64.4232,64.6259,64.9766,65.4347,65.9644,66.5331,67.1232,67.7093,68.2631,68.8021,69.2806,69.7189,70.0836,70.4278,70.7326,70.9757
1350,1664,936,0,58.9476,59.4038,60.0371,60.8107,61.6845,62.6275,63.6049,64.5825,65.5476,66.4409,67.2536,67.9341,68.5431,69.0325,69.4115,69.6965
1350,1760,990,0,55.1746,55.7470,56.5051,57.4139,58.4440,59.5591,60.7249,61.9197,63.0959,64.2248,65.2287,66.1617,66.9385,67.5508,68.0315,68.4042
1350,1856,1044,0,52.3330,52.9778,53.8143,54.7991,55.9034,57.0968,58.3386,59.6105,60.8653,62.0284,63.1419,64.1172,64.9228,65.5929,66.1244,66.5260
1350,1952,1098,0,49.2574,49.9901,50.9097,51.9754,53.1480,54.3846,55.6915,56.9895,58.2324,59.4353,60.5456,61.5045,62.3424,63.0444,63.6092,64.0772
1350,1280,720,1,65.3774,65.2583,65.3088,65.4883,65.7642,66.1149,66.5233,66.9643,67.4302,67.9069,68.3788,68.8354,69.2689,69.6929,70.0682,70.4240
1350,1472,828,1,55.3530,55.5738,55.9837,56.5477,57.2371,58.0316,58.9140,59.8575,60.8490,61.8559,62.8849,63.8809,64.8443,65.7168,66.5014,67.2236
1350,1664,936,1,50.4008,50.7921,51.3702,52.1053,52.9679,53.9352,54.9841,56.0933,57.2576,58.4291,59.5948,60.6928,61.7740,62.7594,63.6145,64.3481
1350,1760,990,1,49.2046,49.6731,50.3240,51.1262,52.0553,53.0806,54.1757,55.3268,56.4992,57.6742,58.7864,59.8933,60.9071,61.7972,62.5861,63.2690
1350,1856,1044,1,48.0332,48.5547,49.2562,50.0973,51.0508,52.0901,53.1802,54.3097,55.4436,56.5256,57.6039,58.6082,59.5058,60.3272,61.0543,61.6786
1350,1952,1098,1,46.0796,46.6861,47.4653,48.3781,49.3876,50.4553,51.5882,52.7208,53.8191,54.9065,55.9458,56.8895,57.7685,58.5632,59.2621,59.8926
1350,2048,1152,0,48.0892,48.8809,49.8478,50.9500,52.1457,53.4067,54.6892,55.9469,57.1575,58.3176,59.3436,60.2591,61.0542,61.7171,62.2847,62.7787
1350,2240,1260,0,46.0717,46.9459,47.9728,49.1044,50.3067,51.5324,52.7265,53.9141,55.0293,56.0409,56.9820,57.8076,58.5428,59.2178,59.7977,60.2906
1350,2432,1368,0,44.7182,45.6422,46.6881,47.8114,48.9696,50.1041,51.2551,52.3386,53.3592,54.3136,55.1731,55.9928,56.7300,57.3767,57.9360,58.4127
1350,2624,1476,0,43.6002,44.5440,45.5841,46.6809,47.7731,48.8912,49.9629,50.9979,51.9764,52.8850,53.7648,54.5569,55.2594,55.8724,56.4483,56.9604
1350,2816,1584,0,42.6214,43.5693,44.6109,45.6774,46.7689,47.8469,48.9028,49.9172,50.8819,51.8155,52.6635,53.4203,54.0942,54.7429,55.2971,55.7631
1350,3008,1692,0,41.7821,42.7621,43.8065,44.8793,45.9798,47.0636,48.1253,49.1444,50.1364,51.0424,51.8532,52.5983,53.2915,53.8827,54.3791,54.7911
1350,3200,1800,0,41.0350,42.0569,43.1085,44.2334,45.3386,46.4459,47.5099,48.5613,49.5266,50.3930,51.2009,51.9419,52.5733,53.1026,53.5417,53.9038
1350,3392,1908,0,40.5507,41.6159,42.7360,43.8728,45.0252,46.1333,47.2465,48.2753,49.2013,50.0629,50.8523,51.5235,52.0846,52.5486,52.9302,53.2444
1350,3584,2016,0,40.1282,41.2508,42.4445,43.6337,44.8079,45.9683,47.0676,48.0603,48.9719,49.8163,50.5323,51.1282,51.6186,52.0206,52.3509,52.6244
1350,3776,2124,0,39.7642,40.9712,42.1945,43.4328,44.6323,45.8047,46.8714,47.8323,48.7415,49.5129,50.1536,50.6782,51.1062,51.4575,51.7488,51.9938
1400,3840,2160,0,39.8778,41.2134,42.5116,43.7775,44.9940,46.1489,47.1831,48.1279,48.9891,49.7097,50.3013,50.7842,51.1794,51.5052,51.7772,52.0078
1400,1280,720,0,67.6340,67.3860,67.2908,67.3147,67.4297,67.6204,67.8723,68.1649,68.4906,68.8404,69.2000,69.5591,69.9123,70.2713,70.5987,70.9216
1400,1376,774,0,67.2583,67.0990,67.0879,67.1881,67.3814,67.6451,67.9566,68.3073,68.6809,69.0672,69.4491,69.8313,70.2037,70.5480,70.8745,71.1558
1400,1472,828,0,66.8276,66.7544,66.8256,67.0046,67.2687,67.5961,67.9665,68.3645,68.7785,69.1824,69.5943,69.9756,70.3483,70.6808,70.9802,71.2865
1400,1568,882,0,65.7720,65.8702,66.1067,66.4457,66.8548,67.3053,67.7836,68.2676,68.7313,69.1936,69.6106,70.0025,70.3347,70.6577,70.9509,71.1902
1400,1664,936,0,60.7984,61.2344,61.8365,62.5661,63.3795,64.2447,65.1253,65.9870,66.8212,67.5743,68.2475,68.7994,69.2947,69.6921,70.0045,70.2424
1400,1760,990,0,56.8468,57.4244,58.1832,59.0856,60.0995,61.1858,62.3064,63.4368,64.5270,65.5500,66.4341,67.2374,67.8883,68.3901,68.7768,69.0760
1400,1856,1044,0,53.4852,54.1463,54.9984,55.9970,57.1121,58.3120,59.5538,60.8173,62.0529,63.1848,64.2545,65.1754,65.9218,66.5302,67.0031,67.3516
1400,1952,1098,0,49.9549,50.7048,51.6430,52.7285,53.9216,55.1783,56.5048,57.8195,59.0743,60.2825,61.3894,62.3355,63.1515,63.8250,64.3572,64.7911
1400,1280,720,1,66.7206,66.5336,66.5062,66.6006,66.7859,67.0441,67.3593,67.7091,68.0863,68.4803,68.8764,69.2645,69.6392,70.0126,70.3471,70.6712
1400,1472,828,1,56.5661,56.7951,57.2127,57.7829,58.4757,59.2698,60.1463,61.0770,62.0472,63.0222,64.0075,64.9471,65.8422,66.6374,67.3386,67.9751
1400,1664,936,1,51.0969,51.5020,52.0951,52.8459,53.7246,54.7079,55.7722,56.8957,58.0728,59.2541,60.4257,61.5235,62.5979,63.5685,64.4017,65.1067
1400,1760,990,1,49.7642,50.2493,50.9188,51.7417,52.6936,53.7435,54.8648,56.0431,57.2426,58.4433,59.5768,60.6996,61.7205,62.6077,63.3839,64.0461
1400,1856,1044,1,48.5159,49.0534,49.7730,50.6341,51.6098,52.6730,53.7884,54.9443,56.1043,57.2099,58.3091,59.3285,60.2338,61.0551,61.7745,62.3845
1400,1952,1098,1,46.6055,47.2328,48.0354,48.9738,50.0108,51.1072,52.2702,53.4322,54.5575,55.6688,56.7268,57.6822,58.5656,59.3573,60.0464,60.6618
1400,2048,1152,0,48.7629,49.5799,50.5746,51.7069,52.9341,54.2272,55.5409,56.8261,58.0578,59.2304,60.2571,61.1615,61.9350,62.5680,63.1000,63.5558
1400,2240,1260,0,46.5593,47.4559,48.5071,49.6648,50.8940,52.1461,53.3643,54.5727,55.7027,56.7218,57.6631,58.4818,59.2046,59.8625,60.4223,60.8935
1400,2432,1368,0,45.1393,46.0954,47.1759,48.3352,49.5289,50.6957,51.8748,52.9789,54.0119,54.9706,55.8271,56.6380,57.3617,57.9917,58.5325,58.9899
1400,2624,1476,0,44.0073,44.9861,46.0622,47.1943,48.3185,49.4644,50.5574,51.6067,52.5924,53.5020,54.3776,55.1611,55.8515,56.4502,57.0099,57.5049
1400,2816,1584,0,43.0017,43.9797,45.0504,46.1431,47.2572,48.3532,49.4223,50.4453,51.4145,52.3491,53.1947,53.9464,54.6132,55.2530,55.7971,56.2523
1400,3008,1692,0,42.1944,43.2032,44.2734,45.3682,46.4865,47.5835,48.6543,49.6786,50.6727,51.5777,52.3849,53.1244,53.8101,54.3926,54.8797,55.2821
1400,3200,1800,0,41.4846,42.5343,43.6086,44.7524,45.8713,46.9882,48.0577,49.1113,50.0753,50.9376,51.7391,52.4718,53.0936,53.6127,54.0415,54.3936
1400,3392,1908,0,40.9084,41.9947,43.1328,44.2845,45.4492,46.5668,47.6877,48.7215,49.6501,50.5124,51.3005,51.9685,52.5250,52.9833,53.3589,53.6667
1400,3584,2016,0,40.5454,41.6887,42.8992,44.1009,45.2842,46.4510,47.5540,48.5477,49.4583,50.3000,51.0118,51.6025,52.0873,52.4834,52.8080,53.0760
1400,3776,2124,0,40.0902,41.3159,42.5550,43.8071,45.0184,46.2011,47.2756,48.2420,49.1551,49.9277,50.5676,51.0897,51.5140,51.8608,52.1472,52.3869
1450,3840,2160,0,40.1886,41.5406,42.8523,44.1301,45.3570,46.5208,47.5616,48.5110,49.3751,50.0963,50.6867,51.1670,51.5586,51.8802,52.1477,52.3737
1450,1280,720,0,67.6340,67.3860,67.2908,67.3147,67.4297,67.6204,67.8723,68.1649,68.4906,68.8404,69.2000,69.5591,69.9123,70.2713,70.5987,70.9216
1450,1376,774,0,67.2583,67.0990,67.0879,67.1881,67.3814,67.6451,67.9566,68.3073,68.6809,69.0672,69.4491,69.8313,70.2037,70.5480,70.8745,71.1558
1450,1472,828,0,66.8278,66.7547,66.8258,67.0048,67.2689,67.5963,67.9668,68.3649,68.7789,69.1829,69.5948,69.9763,70.3491,70.6817,70.9812,71.2876
1450,1568,882,0,66.3455,66.3834,66.5578,66.8367,67.1893,67.5884,68.0220,68.4684,68.9021,69.3414,69.7427,70.1253,70.4537,70.7772,71.0749,71.3211
1450,1664,936,0,62.6444,63.0252,63.5573,64.2015,64.9125,65.6602,66.4101,67.1317,67.8235,68.4399,68.9908,69.4410,69.8549,70.1931,70.4675,70.6826
1450,1760,990,0,58.1869,58.7625,59.5144,60.4035,61.3949,62.4480,63.5220,64.5911,65.6049,66.5396,67.3295,68.0369,68.5996,69.0285,69.3558,69.6110
1450,1856,1044,0,54.5541,55.2310,56.0983,57.1100,58.2351,59.4397,60.6793,61.9310,63.1431,64.2383,65.2584,66.1194,66.8031,67.3486,67.7641,68.0623
1450,1952,1098,0,50.7340,51.5000,52.4554,53.5586,54.7695,56.0434,57.3859,58.7134,59.9757,61.1842,62.2822,63.2099,63.9984,64.6381,65.1330,65.5289
1450,1280,720,1,67.2736,67.0523,66.9862,67.0396,67.1827,67.3996,67.6748,67.9873,68.3297,68.6927,69.0617,69.4267,69.7828,70.1413,70.4650,70.7819
1450,1472,828,1,57.8898,58.1222,58.5415,59.1105,59.7982,60.5818,61.4407,62.3453,63.2795,64.2066,65.1315,65.9984,66.8110,67.5182,68.1293,68.6781
1450,1664,936,1,51.8764,52.2965,52.9055,53.6727,54.5676,55.5662,56.6443,57.7792,58.9643,60.1484,61.3165,62.4026,63.4565,64.3973,65.1939,65.8570
1450,1760,990,1,50.3896,50.8890,51.5744,52.4148,53.3856,54.4555,55.5975,56.7969,58.0168,59.2356,60.3825,61.5129,62.5327,63.4096,64.1663,64.8022
1450,1856,1044,1,49.0991,49.6567,50.3990,51.2853,52.2885,53.3817,54.5284,55.7166,56.9082,58.0416,59.1643,60.1988,61.1089,61.9249,62.6291,63.2159
1450,1952,1098,1,47.1377,47.7885,48.6178,49.5862,50.6563,51.7880,52.9885,54.1880,55.3483,56.4908,57.5730,58.5427,59.4302,60.2157,60.8896,61.4829
1450,2048,1152,0,49.3733,50.2135,51.2342,52.3949,53.6527,54.9779,56.3235,57.6379,58.8933,60.0810,61.1110,62.0061,62.7591,63.3632,63.8605,64.2794
1450,2240,1260,0,47.0365,47.9596,49.0405,50.2304,51.4938,52.7804,54.0305,55.2672,56.4180,57.4483,58.3913,59.2023,59.9100,60.5467,61.0818,61.5268
1450,2432,1368,0,45.5688,46.5524,47.6628,48.8535,50.0785,51.2740,52.4785,53.6014,54.6458,55.6081,56.4610,57.2624,57.9718,58.5845,59.1059,59.5434
1450,2624,1476,0,44.3768,45.3855,46.4926,47.6553,48.8074,49.9782,51.0905,52.1533,53.1464,54.0579,54.9309,55.7077,56.3883,56.9751,57.5211,58.0013
1450,2816,1584,0,43.4132,44.4232,45.5252,46.6460,47.7841,48.8989,49.9813,51.0121,51.9842,52.9179,53.7588,54.5029,55.1600,55.7883,56.3199,56.7624
1450,3008,1692,0,42.6397,43.6806,44.7792,45.8974,47.0337,48.1430,49.2208,50.2475,51.2402,52.1404,52.9402,53.6703,54.3452,54.9161,55.3915,55.7827
1450,3200,1800,0,41.8976,42.9735,44.0693,45.2306,46.3621,47.4874,48.5615,49.6167,50.5791,51.4372,52.2324,52.9571,53.5697,54.0792,54.4983,54.8411
1450,3392,1908,0,41.2910,42.3995,43.5558,44.7216,45.8972,47.0223,48.1485,49.1850,50.1137,50.9744,51.7593,52.4226,52.9735,53.4257,53.7950,54.0967
1450,3584,2016,0,40.9502,42.1145,43.3414,44.5549,45.7462,46.9180,48.0229,49.0154,49.9226,50.7590,51.4638,52.0469,52.5237,52.9120,53.2292,53.4902
1450,3776,2124,0,40.4135,41.6562,42.9089,44.1722,45.3924,46.5824,47.6620,48.6314,49.5462,50.3188,50.9570,51.4763,51.8971,52.2400,52.5222,52.7578
1500,3840,2160,0,40.5130,41.8809,43.2046,44.4919,45.7264,46.8960,47.9403,48.8915,49.7558,50.4757,51.0636,51.5407,51.9285,52.2461,52.5095,52.7314
1500,1280,720,0,67.6340,67.3860,67.2908,67.3147,67.4297,67.6204,67.8723,68.1649,68.4906,68.8404,69.2000,69.5591,69.9123,70.2713,70.5987,70.9216
1500,1376,774,0,67.2583,67.0990,67.0879,67.1881,67.3814,67.6451,67.9566,68.3073,68.6809,69.0672,69.4491,69.8313,70.2037,70.5480,70.8745,71.1558
1500,1472,828,0,66.8278,66.7547,66.8258,67.0048,67.2689,67.5963,67.9668,68.3649,68.7789,69.1829,69.5948,69.9763,70.3491,70.6817,70.9812,71.2876
1500,1568,882,0,66.5284,66.5441,66.6972,66.9566,67.2924,67.6775,68.1000,68.5384,68.9671,69.4038,69.8052,70.1902,70.5227,70.8519,71.1567,71.4111
1500,1664,936,0,64.1914,64.4913,64.9291,65.4673,66.0617,66.6865,67.3112,67.9096,68.4862,69.0008,69.4675,69.8531,70.2195,70.5264,70.7840,70.9921
1500,1760,990,0,59.6820,60.2434,60.9732,61.8298,62.7752,63.7677,64.7644,65.7400,66.6465,67.4672,68.1457,68.7492,69.2248,69.5884,69.8676,70.0914
1500,1856,1044,0,55.5835,56.2680,57.1412,58.1557,59.2795,60.4770,61.7019,62.9289,64.1056,65.1545,66.1187,66.9184,67.5428,68.0326,68.3999,68.6580
1500,1952,1098,0,51.6095,52.3951,53.3708,54.4939,55.7233,57.0126,58.3665,59.6983,60.9557,62.1482,63.2183,64.1083,64.8513,65.4429,65.8905,66.2425
1500,1280,720,1,67.5221,67.2822,67.1959,67.2285,67.3515,67.5496,67.8077,68.1053,68.4347,68.7870,69.1477,69.5065,69.8585,70.2150,70.5385,70.8570
1500,1472,828,1,59.1080,59.3374,59.7511,60.3108,60.9846,61.7485,62.5802,63.4495,64.3393,65.2116,66.0721,66.8661,67.6008,68.2299,68.7656,69.2455
1500,1664,936,1,52.7495,53.1808,53.8012,54.5796,55.4847,56.4919,57.5763,58.7139,59.8973,61.0734,62.2259,63.2878,64.3081,65.2069,65.9567,66.5703
1500,1760,990,1,51.0584,51.5712,52.2708,53.1259,54.1115,55.1961,56.3524,57.5650,58.7961,60.0229,61.1726,62.2996,63.3078,64.1657,64.8963,65.5018
1500,1856,1044,1,49.6730,50.2504,51.0151,51.9262,52.9564,54.0784,55.2553,56.4740,57.6946,58.8526,59.9941,61.0377,61.9462,62.7495,63.4317,63.9896
1500,1952,1098,1,47.5699,48.2403,49.0923,50.0867,51.1860,52.3499,53.5858,54.8217,56.0173,57.1927,58.3020,59.2899,60.1857,60.9693,61.6322,62.2076
1500,2048,1152,0,50.0173,50.8753,51.9151,53.0959,54.3743,55.7196,57.0834,58.4120,59.6754,60.8625,61.8822,62.7578,63.4840,64.0570,64.5209,64.9066
1500,2240,1260,0,47.5884,48.5410,49.6545,50.8794,52.1793,53.5019,54.7846,56.0485,57.2171,58.2538,59.1917,59.9872,60.6717,61.2792,61.7820,62.1941
1500,2432,1368,0,45.9998,47.0125,48.1544,49.3778,50.6353,51.8601,53.0901,54.2311,55.2853,56.2492,57.0963,57.8859,58.5788,59.1721,59.6727,60.0892
1500,2624,1476,0,44.8049,45.8466,46.9875,48.1831,49.3645,50.5603,51.6905,52.7638,53.7602,54.6685,55.5328,56.2967,56.9615,57.5308,58.0578,58.5187
1500,2816,1584,0,43.8725,44.9191,46.0565,47.2084,48.3723,49.5058,50.5996,51.6347,52.6051,53.5320,54.3620,55.0923,55.7337,56.3447,56.8588,57.2844
1500,3008,1692,0,43.0871,44.1627,45.2926,46.4366,47.5932,48.7160,49.8011,50.8295,51.8192,52.7119,53.5008,54.2176,54.8772,55.4322,55.8918,56.2680
1500,3200,1800,0,42.2708,43.3720,44.4887,45.6676,46.8120,47.9466,49.0263,50.0843,51.0464,51.9017,52.6922,53.4105,54.0154,54.5164,54.9269,55.2612
1500,3392,1908,0,41.7045,42.8370,44.0126,45.1927,46.3785,47.5096,48.6388,49.6750,50.6007,51.4562,52.2342,52.8894,53.4316,53.8750,54.2358,54.5295
1500,3584,2016,0,41.2839,42.4668,43.7092,44.9347,46.1353,47.3143,48.4241,49.4192,50.3269,51.1620,51.8639,52.4425,52.9140,53.2966,53.6078,53.8630
1500,3776,2124,0,40.7908,42.0535,43.3213,44.5964,45.8251,47.0211,48.1040,49.0743,49.9884,50.7584,51.3927,51.9074,52.3233,52.6610,52.9381,53.1687
